name,photo_url,growth_form,care_difficulty,management_level,water_period_spring,water_period_summer,water_period_autumn,water_period_winter,growth_temp,sunlight,humidity,flower,content
가울테리아,http://www.nongsaro.go.kr/cms_contents/301/12938_MF_ATTACH_01_TMB.jpg,관목형,낮음 (잘 견딤),경험자,토양 표면이 말랐을때 충분히 관수함,토양 표면이 말랐을때 충분히 관수함,토양 표면이 말랐을때 충분히 관수함,화분 흙 대부분 말랐을때 충분히 관수함,16~20℃,"중간 광도(800~1,500 Lux),높은 광도(1,500~10,000 Lux)",40 ~ 70%,여름,진달래과의 작은 관목으로 척박한 산성토양에서 잘 자라며 키는 20cm정도로 포복형이다.  암석정원에 잘 어울린다.
개운죽,http://www.nongsaro.go.kr/cms_contents/301/12954_MF_ATTACH_01_TMB.jpg,직립형,낮음 (잘 견딤),초보자,흙을 촉촉하게 유지함(물에 잠기지 않도록 주의),흙을 촉촉하게 유지함(물에 잠기지 않도록 주의),흙을 촉촉하게 유지함(물에 잠기지 않도록 주의),토양 표면이 말랐을때 충분히 관수함,16~20℃,"낮은 광도(300~800 Lux),중간 광도(800~1,500 Lux),높은 광도(1,500~10,000 Lux)",40 ~ 70%,,"화분에 심을 경우에는 부드럽고 배수가 잘 되는 토양에 심음
※ 개운죽은 관엽으로 분류되어 있지만 사실은 잎보다 잎이 떨어진 후 대나무처럼 보이는 줄기가 더욱 관상의 대상이 된다. 직선보다 곡선의 줄기가 필요한 경우에는 줄기를 곡선으로 유도할 수 있다."
골드크레스트 '윌마',http://www.nongsaro.go.kr/cms_contents/301/12955_MF_ATTACH_01_TMB.jpg,직립형,보통 (약간 잘 견딤),경험자,토양 표면이 말랐을때 충분히 관수함,토양 표면이 말랐을때 충분히 관수함,토양 표면이 말랐을때 충분히 관수함,화분 흙 대부분 말랐을때 충분히 관수함,16~20℃,"높은 광도(1,500~10,000 Lux)",40 ~ 70%,,"※ Cupressus macrocarpa 품종 중에 'wilma', 'goldcrest' 등의 품종이 있는데, 우리가 사용하고 있는 율마라는 이름은 “wilma""에서 나온 것으로 생각된다. 따라서 율마라는 이름이 윌마로 교정되어야하지 않을까 고려된다.바람에 약하며 줄기 아랫부분의 잎이 떨어지면 황량한 느낌을 주지만 토피아리 형식으로 키울 수도 있다.크리스마스 트리로 실내에 장식하면 좋다."
공작야자,http://www.nongsaro.go.kr/cms_contents/301/12957_MF_ATTACH_01_TMB.jpg,직립형,필요함,경험자,토양 표면이 말랐을때 충분히 관수함,토양 표면이 말랐을때 충분히 관수함,토양 표면이 말랐을때 충분히 관수함,토양 표면이 말랐을때 충분히 관수함,21~25℃,"중간 광도(800~1,500 Lux),높은 광도(1,500~10,000 Lux)",70% 이상,여름,"포름알데히드, 벤젠, 톨루엔, 트리클로로 에틸렌"
관엽베고니아,http://www.nongsaro.go.kr/cms_contents/301/12962_MF_ATTACH_01_TMB.jpg,관목형,보통 (약간 잘 견딤),경험자,토양 표면이 말랐을때 충분히 관수함,토양 표면이 말랐을때 충분히 관수함,토양 표면이 말랐을때 충분히 관수함,토양 표면이 말랐을때 충분히 관수함,16~20℃,"중간 광도(800~1,500 Lux),높은 광도(1,500~10,000 Lux)",40 ~ 70%,봄,대부분의 종이 열대지역에서 건너왔기 때문에 따뜻한 기온이 필요하며 여름철에는 그늘진 곳에 배치하는 것을 추천한다. 생장이 시작되는 봄에 분갈이를 하고 보름 정도 지나서 비료를 주는 것을 추천한다. 베고니아는 잎이나 잎자루가 다즙질이어서 연약하므로 취급시에는 주의가 필요하다. 
관음죽,http://www.nongsaro.go.kr/cms_contents/301/12963_MF_ATTACH_01_TMB.jpg,관목형,보통 (약간 잘 견딤),경험자,토양 표면이 말랐을때 충분히 관수함,토양 표면이 말랐을때 충분히 관수함,토양 표면이 말랐을때 충분히 관수함,화분 흙 대부분 말랐을때 충분히 관수함,16~20℃,"낮은 광도(300~800 Lux),중간 광도(800~1,500 Lux),높은 광도(1,500~10,000 Lux)",40 ~ 70%,,"손바닥 모양의 잎을 가진 집에서 기르기 쉽고 그늘과 추위에도 잘 견디고 병해충에도 강하기기 때문에 기르기 쉬운 식물이다.
자라는 속도가 느려서 관리가 편하다. 반엽이 들어있는 종은 색상이 더욱 아름답다. 2년에 한 번씩 분갈이를 해 주면 좋다."
구문초,http://www.nongsaro.go.kr/cms_contents/301/12966_MF_ATTACH_01_TMB.jpg,관목형,필요함,경험자,토양 표면이 말랐을때 충분히 관수함,토양 표면이 말랐을때 충분히 관수함,토양 표면이 말랐을때 충분히 관수함,화분 흙 대부분 말랐을때 충분히 관수함,16~20℃,"중간 광도(800~1,500 Lux),높은 광도(1,500~10,000 Lux)",40 ~ 70%,"봄,여름",구문초는 꽃이 많이 피는 편에 속하는 허브입니다. 추위와 고온다습에 약한 식물이니 주의가 필요합니다. 가지치기를 해주는 것이 중요하며 새로운 줄기를 키워주어야 병충해의 발생을 줄일 수 있습니다. 
구즈마니아,http://www.nongsaro.go.kr/cms_contents/301/12972_MF_ATTACH_01_TMB.jpg,로제트형,필요함,경험자,토양 표면이 말랐을때 충분히 관수함,토양 표면이 말랐을때 충분히 관수함,토양 표면이 말랐을때 충분히 관수함,토양 표면이 말랐을때 충분히 관수함,21~25℃,"중간 광도(800~1,500 Lux),높은 광도(1,500~10,000 Lux)",40 ~ 70%,"봄,여름",식물체 중심 잎과 잎 포기 사이 물통에 물이 고이도록 함
군자란,http://www.nongsaro.go.kr/cms_contents/301/12974_MF_ATTACH_01_TMB.jpg,풀모양,보통 (약간 잘 견딤),경험자,토양 표면이 말랐을때 충분히 관수함,토양 표면이 말랐을때 충분히 관수함,토양 표면이 말랐을때 충분히 관수함,화분 흙 대부분 말랐을때 충분히 관수함,16~20℃,"중간 광도(800~1,500 Lux),높은 광도(1,500~10,000 Lux)",40 ~ 70%,"봄,여름",햇빛에 약한 식물이니 반그늘에서 키우는 것이 좋습니다. 
글레코마,http://www.nongsaro.go.kr/cms_contents/301/12988_MF_ATTACH_01_TMB.jpg,덩굴성,낮음 (잘 견딤),초보자,토양 표면이 말랐을때 충분히 관수함,토양 표면이 말랐을때 충분히 관수함,토양 표면이 말랐을때 충분히 관수함,화분 흙 대부분 말랐을때 충분히 관수함,16~20℃,"중간 광도(800~1,500 Lux),높은 광도(1,500~10,000 Lux)",40 ~ 70%,"봄,여름",글레코마는 성장 속도가 매우 빠른 식물입니다. 줄기 일부만 남겨두고 바짝 잘라도 새로운 줄기가 쉽게 나오면서 재생이 쉬운 식물입니다. 외국에서는 요리와 의약품에 많이 사용되지만 우리나라에서는 아직 안전하다고 발표된 것이 없기 때문에 함부로 먹지 마세요
금목서,http://www.nongsaro.go.kr/cms_contents/301/12990_MF_ATTACH_01_TMB.jpg,관목형,낮음 (잘 견딤),초보자,토양 표면이 말랐을때 충분히 관수함,토양 표면이 말랐을때 충분히 관수함,토양 표면이 말랐을때 충분히 관수함,토양 표면이 말랐을때 충분히 관수함,16~20℃,"중간 광도(800~1,500 Lux),높은 광도(1,500~10,000 Lux)",40 ~ 70%,가을,땅에서부터 많은 줄기가 올라와 생울타리로 적당하다.
금식나무,http://www.nongsaro.go.kr/cms_contents/301/12998_MF_ATTACH_01_TMB.gif,관목형,낮음 (잘 견딤),초보자,토양 표면이 말랐을때 충분히 관수함,토양 표면이 말랐을때 충분히 관수함,토양 표면이 말랐을때 충분히 관수함,화분 흙 대부분 말랐을때 충분히 관수함,16~20℃,"중간 광도(800~1,500 Lux),높은 광도(1,500~10,000 Lux)",40 ~ 70%,봄,"민간요법으로 나무껍질과 잎을 뱀독이나 종기,화상 등에 약으로 쓰기도 한다."
금전수,http://www.nongsaro.go.kr/cms_contents/301/13186_MF_ATTACH_01_TMB.jpg,풀모양,낮음 (잘 견딤),초보자,토양 표면이 말랐을때 충분히 관수함,토양 표면이 말랐을때 충분히 관수함,토양 표면이 말랐을때 충분히 관수함,화분 흙 대부분 말랐을때 충분히 관수함,16~20℃,"중간 광도(800~1,500 Lux),높은 광도(1,500~10,000 Lux)",40 ~ 70%,,"그늘진 곳에서 잘 견디지만, 실내 밝은 간접광이 더 좋다.
환경 조건에 견디는 힘이 뛰어나고 과습한 상태에서 저온상태가 되면 뿌리가 썩기 쉽다.
수분이 많은 지하경을 가지고 광택이 있는 잎이 매력적이다."
금천죽,http://www.nongsaro.go.kr/cms_contents/301/13196_MF_ATTACH_01_TMB.jpg,관목형,낮음 (잘 견딤),초보자,토양 표면이 말랐을때 충분히 관수함,토양 표면이 말랐을때 충분히 관수함,토양 표면이 말랐을때 충분히 관수함,화분 흙 대부분 말랐을때 충분히 관수함,16~20℃,"낮은 광도(300~800 Lux),중간 광도(800~1,500 Lux),높은 광도(1,500~10,000 Lux)",40 ~ 70%,,"포름알데히드, 벤젠, 톨루엔, 자일렌, 트리클로로 에틸렌"
기누라,http://www.nongsaro.go.kr/cms_contents/301/13199_MF_REPR_ATTACH_01_TMB.jpg,풀모양,필요함,경험자,토양 표면이 말랐을때 충분히 관수함,토양 표면이 말랐을때 충분히 관수함,토양 표면이 말랐을때 충분히 관수함,화분 흙 대부분 말랐을때 충분히 관수함,16~20℃,"중간 광도(800~1,500 Lux),높은 광도(1,500~10,000 Lux)",40 ~ 70%,,"물을 좋아하는 식물이기는 하지만 물을 너무 많이 주면 웃자라게 되고, 물이 부족하게 되면 잎이 뒤로 말리는 현상이 나타난다. 흙이 마를때 쯤 바로 물을 주면서 수분을 꾸준히 유지시켜 주는 것이 중요합니다. 더위에는 강하지만 추위에는 약한 식물입니다. "
꽃베고니아,http://www.nongsaro.go.kr/cms_contents/301/13201_MF_REPR_ATTACH_01_TMB.jpg,풀모양,보통 (약간 잘 견딤),경험자,흙을 촉촉하게 유지함(물에 잠기지 않도록 주의),흙을 촉촉하게 유지함(물에 잠기지 않도록 주의),토양 표면이 말랐을때 충분히 관수함,화분 흙 대부분 말랐을때 충분히 관수함,21~25℃,"높은 광도(1,500~10,000 Lux)",70% 이상,"봄,여름,가을",베고니아는 수분이 많은 다육성 식물로 습기에 약합니다. 여름 장마철에는 환경을 건조하게 해주시는 것이 좋습니다. 
나도풍란,http://www.nongsaro.go.kr/cms_contents/301/13202_MF_ATTACH_01_TMB.jpg,로제트형,보통 (약간 잘 견딤),초보자,화분 흙 대부분 말랐을때 충분히 관수함,화분 흙 대부분 말랐을때 충분히 관수함,화분 흙 대부분 말랐을때 충분히 관수함,화분 흙 대부분 말랐을때 충분히 관수함,21~25℃,"중간 광도(800~1,500 Lux)",70% 이상,"봄,여름",나도풍란은 햇빛을 좋아하는 식물입니다. 공기 정화 효과에도 좋은 것으로 알려져 있고 크기도 작으며 관리도 쉬운 편입니다. 
나한송,http://www.nongsaro.go.kr/cms_contents/301/13203_MF_ATTACH_01_TMB.jpg,"직립형,관목형",낮음 (잘 견딤),초보자,흙을 촉촉하게 유지함(물에 잠기지 않도록 주의),흙을 촉촉하게 유지함(물에 잠기지 않도록 주의),흙을 촉촉하게 유지함(물에 잠기지 않도록 주의),토양 표면이 말랐을때 충분히 관수함,10~15℃,"중간 광도(800~1,500 Lux),높은 광도(1,500~10,000 Lux)",,,"나한송은 잎이 잘 떨어지거나 누렇게 변하지 않고 늘 푸르러 공기정화 효과가 좋다.
잎이 반질거리고 잎을 감상하기에 좋은 식물이다. 나한송 솔잎 모양에 화려하지 않지만 음지에서도 비교적 잘 자리고 자라는 속도는 늦어 실내용품으로 많이 애용하고 있다."
남천,http://www.nongsaro.go.kr/cms_contents/301/13206_MF_ATTACH_01_TMB.jpg,관목형,낮음 (잘 견딤),초보자,토양 표면이 말랐을때 충분히 관수함,토양 표면이 말랐을때 충분히 관수함,토양 표면이 말랐을때 충분히 관수함,화분 흙 대부분 말랐을때 충분히 관수함,16~20℃,"높은 광도(1,500~10,000 Lux)",40 ~ 70%,"봄,여름","꽃, 열매, 잎, 단풍이 모두 아름답고 실내의 동양적인 분위기에 잘 어울린다.

성숙한 열매를 남천실이라 하며 해수, 천식, 백일해, 간기능장애 등에 약제로 사용한다."
네마탄투스,http://www.nongsaro.go.kr/cms_contents/301/13207_MF_REPR_ATTACH_01_TMB.jpg,"관목형,덩굴성",보통 (약간 잘 견딤),경험자,토양 표면이 말랐을때 충분히 관수함,토양 표면이 말랐을때 충분히 관수함,토양 표면이 말랐을때 충분히 관수함,화분 흙 대부분 말랐을때 충분히 관수함,16~20℃,"중간 광도(800~1,500 Lux),높은 광도(1,500~10,000 Lux)",40 ~ 70%,"봄,여름",네마탄투스는 습도에 예민합니다. 습한 환경에는 약하니 여름에는 관수량을 줄이는 것이 좋습니다. 겨울 추위에도 약하니 추운 겨울에는 실내에 들이고 미지근한 물로 관수하는 것을 추천한다.
녹영,http://www.nongsaro.go.kr/cms_contents/301/13210_MF_ATTACH_01_TMB.jpg,덩굴성,필요함,경험자,화분 흙 대부분 말랐을때 충분히 관수함,화분 흙 대부분 말랐을때 충분히 관수함,화분 흙 대부분 말랐을때 충분히 관수함,화분 흙 대부분 말랐을때 충분히 관수함,16~20℃,"중간 광도(800~1,500 Lux),높은 광도(1,500~10,000 Lux)",40 ~ 70%,,실내 걸이용 화분이고 건조에 강한 식물이므로 겉흙이 완전히 마르면 관수한다.   사계절을 통하여 피는 작고 하얀 꽃이 파란 콩 모양의 잎과 더불어 귀엽다. 온도가 낮은 환경에서는 특별히 흙을 건조하게 관리하여야 한다.
뉴기니아봉선화,http://www.nongsaro.go.kr/cms_contents/301/13218_MF_ATTACH_01_TMB.jpg,관목형,보통 (약간 잘 견딤),초보자,흙을 촉촉하게 유지함(물에 잠기지 않도록 주의),흙을 촉촉하게 유지함(물에 잠기지 않도록 주의),토양 표면이 말랐을때 충분히 관수함,화분 흙 대부분 말랐을때 충분히 관수함,21~25℃,"중간 광도(800~1,500 Lux),높은 광도(1,500~10,000 Lux)",40% 미만,"봄,여름,가을","열대성 작물로 추위에 약한 다년생의 초본 또는 반 관목으로 반그늘에서도 생육 및 개화하 양호하다.

초장은 일반적으로 30~60cm로 자라고 잎은 난형피침형으로 긴 잎자루가 있으며 화경이 겨드랑이에서 나오고 화경마다 2.5~4.0cm되는 꽃이 1~3개 정도가 핀다.

 생육적온은 20~25℃정도이고, 15℃이하가 되면 생육 및 착화가 둔화된다.

5월에 모종을 구매해 햇빛이 잘 드는 실내에서 기르면 여름철 내내 꽃을 볼 수 있다.

뉴기니아 봉선화의 개화에 대한 일장반응은 중성식물로 계절에 관계없이 잘 개화한다.

"
대만고무나무,http://www.nongsaro.go.kr/cms_contents/301/13333_MF_ATTACH_01_TMB.jpg,"직립형,관목형",필요함,경험자,토양 표면이 말랐을때 충분히 관수함,토양 표면이 말랐을때 충분히 관수함,토양 표면이 말랐을때 충분히 관수함,화분 흙 대부분 말랐을때 충분히 관수함,21~25℃,"중간 광도(800~1,500 Lux),높은 광도(1,500~10,000 Lux)",40 ~ 70%,,"대만고무나무의 밑둥을 분재처럼 둥글게 재배한 종류를 ‘인삼벤자민’,‘가쥬마루’라 부른다. 환경에 빨리 적응하지 못하므로 갑자기 햇빛으로 내놓거나, 실내로 옮기면 잎이 많이 떨어지므로 서서히 적응기간을 두어 옮긴다. 상록 교목으로 자생지에서는 25cm정도 자라지만 온실 화분내에서는 1.2~1.8m 정도 자란다. 줄기에는 기근이 발생된다.

잎 길이는 5~10cm정도이며 비후하고 광택이 있다. 번식은 삽목 또는 고취법으로 행한다. 동일종 내에서도 잎이 크기가 다르며 형태차도 크다."
더피고사리,http://www.nongsaro.go.kr/cms_contents/301/13335_MF_ATTACH_01_TMB.jpg,풀모양,낮음 (잘 견딤),경험자,흙을 촉촉하게 유지함(물에 잠기지 않도록 주의),흙을 촉촉하게 유지함(물에 잠기지 않도록 주의),흙을 촉촉하게 유지함(물에 잠기지 않도록 주의),토양 표면이 말랐을때 충분히 관수함,16~20℃,"중간 광도(800~1,500 Lux),높은 광도(1,500~10,000 Lux)",70% 이상,,"더피고사리는 습한 것을 좋아하는 양치류로 늘 신선한 물로 산소가 필요하므로 생장기에는 물이 부족하지 않도록 관리해야 한다.

수분이 부족하게 되면 바로 잎끝이 상한다. 한번 말리면 회복이 힘들다.

여름철 청량감을 주는 외형으로 그린인테리어로 많이 활용되며 추위에 비교적 잘 견디는 식물이다."
덕구리난,http://www.nongsaro.go.kr/cms_contents/301/13336_MF_ATTACH_01_TMB.jpg,"직립형,다육형",낮음 (잘 견딤),초보자,토양 표면이 말랐을때 충분히 관수함,토양 표면이 말랐을때 충분히 관수함,토양 표면이 말랐을때 충분히 관수함,화분 흙 대부분 말랐을때 충분히 관수함,21~25℃,"높은 광도(1,500~10,000 Lux)",40% 미만,,"
줄기 밑동에 물을 많이 저장하여 술병처럼 부푼 모양으로 비대한 줄기에 수분을 저장하고 있어 과습한 경우에 줄기가 물러질 수 있다.

덕리(德利:돗쿠리)는 입구가 좁고 긴 술병(일본어) 모습을 하고 있어 붙여진 이름으로 덕구리난은 실내가 실내가 고온건조하고 햇빛이 잘 드는 곳에서 자란다. 반음지에서도 자라긴 하나 너무 음지에서 자라면 웃자라서 모양이 망가지니 햇빛을 충분히 받도록 해야 한다.

덕구리난은 봄부터 가을 사이에는 화분의 흙 표면이 마르면 물을 충분히 주고, 더운 시기에는 잎에 물을 주고 추운시기에는 흙을 좀더 건조하게 관리한다. 5~10월에 완효성비료를 2개월에 한번 주고, 습기가 많으면 깍지벌레가 발생하기 쉬우니 주의한다."
데코라고무나무,http://www.nongsaro.go.kr/cms_contents/301/13337_MF_ATTACH_01_TMB.jpg,"직립형,관목형",필요함,초보자,토양 표면이 말랐을때 충분히 관수함,토양 표면이 말랐을때 충분히 관수함,토양 표면이 말랐을때 충분히 관수함,화분 흙 대부분 말랐을때 충분히 관수함,21~25℃,"중간 광도(800~1,500 Lux),높은 광도(1,500~10,000 Lux)",40 ~ 70%,,"가지변이종으로 붉은 빛이 도는 짙은 녹색잎에, 뒷면 중륵과 잎자루가 붉은 갈색입니다.
열매는 긴 타원형이며 무화과같이 생기고 노란빛을 띤 녹색으로 성숙한다.
높이는 30cm이상 자라며, 털이 없고 잎과 줄기를 자르면 흰 즙이 나온다.
잎은 어긋나고 타원형이거나 긴 타원형이며, 어릴 때는 턱잎으로 싸이고 붉은빛을 띤다. 
꽃은 6∼7월에 피는데, 잎겨드랑이에 1∼2개의 꽃차례로 핀다. 
털이 없고 기근을 내린다. 잎과 줄기를 자르면 흰 즙이 나온다.
잎 표피 밑에 종유체가 있고, 꽃턱은 막질은 종이처럼 반투명 하다.
이 데코라고무나무의 변종으로 소피아고무나무가 있다."
덴파레,http://www.nongsaro.go.kr/cms_contents/301/13338_MF_ATTACH_01_TMB.jpg,"관목형,풀모양,다육형",보통 (약간 잘 견딤),경험자,화분 흙 대부분 말랐을때 충분히 관수함,화분 흙 대부분 말랐을때 충분히 관수함,화분 흙 대부분 말랐을때 충분히 관수함,화분 흙 대부분 말랐을때 충분히 관수함,21~25℃,"높은 광도(1,500~10,000 Lux)",40 ~ 70%,"봄,여름,가을,겨울",덴파레는 가능한 밝은 창가에서 길러야한다. 저온에 약하기 때문에 최대한 따뜻한 곳에 두는 것을 추천한다. 꽃대 하나에 길게 뻗어 여러 개의 꽃이 달리고 연중 개화한다. 15도 이상의 온도를 유지할 수 없다면 대응책으로 최대한 물을 줄이고 스티로폼을 화분 안쪽에 채워 관리하는 것이 좋다. 덴파레는 갑자기 큰 화분에다 심으면 성장이 멈추는 경향이 있기 때문에 반드시 작은 화분에 심을 것을 권장한다. 작은 화분에 심은 후 새싹이 나오는 5~6월경에 이전의 분토와 썩은 뿌리를 제거해 옮겨 심도록 한다. 
도깨비고비,http://www.nongsaro.go.kr/cms_contents/301/13339_MF_ATTACH_01_TMB.jpg,풀모양,낮음 (잘 견딤),초보자,흙을 촉촉하게 유지함(물에 잠기지 않도록 주의),흙을 촉촉하게 유지함(물에 잠기지 않도록 주의),흙을 촉촉하게 유지함(물에 잠기지 않도록 주의),토양 표면이 말랐을때 충분히 관수함,16~20℃,"낮은 광도(300~800 Lux),중간 광도(800~1,500 Lux),높은 광도(1,500~10,000 Lux)",40% 미만,,"바닷가와 섬의 저지대의 바위틈에서 자란다.
잎자루의 길이는 15~40cm이며, 비늘조각이 붙는다.
잎 몸의 길이가 20~60cm, 폭이 10~25cm 잎 조각의 길이는 7~13cm, 폭 2.5~5.0cm이다.
상록성으로서 짧고 굵은 뿌리를 가진다.
겹잎으로 끝이 갑자기 뾰족해지며, 포자낭군은 뒷면 전체에 붙으며,
표막이 둥글고 성숙하면 중앙부가 흑갈색으로 된다."
돈나무,http://www.nongsaro.go.kr/cms_contents/301/13340_MF_ATTACH_01_TMB.jpg,관목형,낮음 (잘 견딤),초보자,토양 표면이 말랐을때 충분히 관수함,토양 표면이 말랐을때 충분히 관수함,토양 표면이 말랐을때 충분히 관수함,화분 흙 대부분 말랐을때 충분히 관수함,16~20℃,"중간 광도(800~1,500 Lux),높은 광도(1,500~10,000 Lux)",40 ~ 70%,봄,"돈나무란 Money tree와는 상관이 없고, 제주도에서 돈나무를 똥낭, 즉 똥나무라는 뜻으로 부르는데서 연유했다. 이는 열매가 겨우내 끈적한 점액질에 싸여 있어서 온갖 곤충과 벌레들이 모여들어 지저분하게 보이기 때문이다.
남쪽에서 주로 자라나며, 지역에 따라 이름이 여러 가지로 불린다.
높이가 최대 2~3m 까지 자라며, 잎의 길이는 4~10cm, 너비는 2~3cm
잎 가장자리에는 톱니가 없고 뒤로 말려 있으며, 꽃의 지름은 1cm안팎이다.
꽃이 지고 열매를 맺는데 길이가 1.5cm쯤 되고, 열매는 둥글거나 넓은 타원형이고 길이가 1.2cm 이며, 익으면 두 갈래로 붉은 씨가 나타난다. 생육온도는 16~10℃ 정도, 습도는 40~70% 정도 이다.
염분 저항성이 있어 해안지방의 방풍림으로 좋으며 목재는 어구 재료로사용하고 잎은 가축의 먹이로 이용가능하다. 
枝葉(지엽) 및 皮(피)를 七里香(칠리향)이라 하며 약용한다.
돈나무는 혈압을 낮추며 습진과 혈액순환에 약제로 쓰이기도 한다."
동백,http://www.nongsaro.go.kr/cms_contents/301/14663_MF_ATTACH_01_TMB.jpg,관목형,필요함,경험자,토양 표면이 말랐을때 충분히 관수함,토양 표면이 말랐을때 충분히 관수함,토양 표면이 말랐을때 충분히 관수함,화분 흙 대부분 말랐을때 충분히 관수함,16~20℃,"높은 광도(1,500~10,000 Lux)",40 ~ 70%,"봄,겨울","동백은 상록 활엽소 교목으로 남부지방, 제주도에 자생한다
꽃은 12~4월에 피어서 결실기는 가을이다.
잎은 타원형이고 길이 5~12cm. 폭 3~7cm이며, 엽병은 길이 2~15mm로
털이 없다. 
꽃의 열매는 지름 3~5mm로 붉은색이 돌며 9월에 성숙한다. (“산다화“라
하며 약용으로 이용한다.)
동백나무는 꽃봉오리의 채취시기는 춘추부터 곡우(4월) 사이에 채취한다."
둥근잎 아랄리아,http://www.nongsaro.go.kr/cms_contents/301/14674_MF_ATTACH_01_TMB.jpg,관목형,필요함,경험자,토양 표면이 말랐을때 충분히 관수함,토양 표면이 말랐을때 충분히 관수함,토양 표면이 말랐을때 충분히 관수함,화분 흙 대부분 말랐을때 충분히 관수함,21~25℃,"중간 광도(800~1,500 Lux),높은 광도(1,500~10,000 Lux)",40 ~ 70%,,"가장자리에 무늬가 있는 잎도, 무늬가 없는 잎도 다 같이 단정하고 매력적이어서 동양적인 이미지의 나무이다. 키가 큰 나무는 고가이므로 작은 크기의 나무를 사서 잘 관리한다. 키우기가 쉽지 않은 품종이다. 특히 환경이 맞지 않으면 잎이 쉽게 떨어지므로 직사광선이 아닌 밝은 빛에 식물을 두고 겨울에는 건조하거나 춥지 않게 관리해야 한다. 가장 중요한 문제는 습도조절이다. 자주 잎에 분무해 주면 공중습도 유지에 좋다.   삽목시에는 발근 촉진제를 사용하는 편이 성공할 확률이 높다."
듀란타,http://www.nongsaro.go.kr/cms_contents/301/14675_MF_ATTACH_01_TMB.jpg,관목형,필요함,경험자,토양 표면이 말랐을때 충분히 관수함,토양 표면이 말랐을때 충분히 관수함,토양 표면이 말랐을때 충분히 관수함,화분 흙 대부분 말랐을때 충분히 관수함,21~25℃,"높은 광도(1,500~10,000 Lux)",40 ~ 70%,"봄,여름","밭흙, 부엽, 모래를 5:3:2의 비율로 혼합한다. 봄, 가을에 고형비료 또는 물거름을 월 2-3회 주고 물은 흙이 말랐을 때에만 주며 겨울에는 관수량을 줄인다. 꽃의 향기가 좋으며 햇빛을 좋아하는 식물이다. 입과 열매에는 독성이 있으므로 먹지 않도록 한다. "
드라세나  '송오브자마이카',http://www.nongsaro.go.kr/cms_contents/301/14676_MF_ATTACH_01_TMB.jpg,관목형,보통 (약간 잘 견딤),초보자,토양 표면이 말랐을때 충분히 관수함,토양 표면이 말랐을때 충분히 관수함,토양 표면이 말랐을때 충분히 관수함,화분 흙 대부분 말랐을때 충분히 관수함,16~20℃,"낮은 광도(300~800 Lux),중간 광도(800~1,500 Lux),높은 광도(1,500~10,000 Lux)",40 ~ 70%,,"높이는 2-3m, 직립으로 자라며 잎은 길고 피침형으로 길이는 10-22cm, 폭 1.5-2cm의 황색바탕에 녹색의 외곽무늬가 들어 있으며 내음성이 강하다. 실내의 가장 밝은 장소에서 잘 자라는 편이며, 너무 어두운 그늘에 두고 키우면 광량 부족과 화분 흙이 과습한 경우 줄기가 가늘게 웃자라는 것은 물론 잎들이 떨어지며 줄기와 뿌리가 썩는 경우가 있다. 줄기를 잘라 삽목 하거나 어린 개체를 나누거나, 취목으로도 번식 할 수 있다. 잎끝 색이 바뀌거나 말라 들어가는 경우가 있으므로 2년에 한번 정도 청결한 흙으로 분갈이하는 것이 좋다. 줄기와 잎이 부드러운 느낌을 주어 실내 분화로 인기가 많다."
드라세나  '와네끼',http://www.nongsaro.go.kr/cms_contents/301/14687_MF_ATTACH_01_TMB.jpg,"직립형,관목형",보통 (약간 잘 견딤),초보자,토양 표면이 말랐을때 충분히 관수함,토양 표면이 말랐을때 충분히 관수함,토양 표면이 말랐을때 충분히 관수함,화분 흙 대부분 말랐을때 충분히 관수함,16~20℃,"중간 광도(800~1,500 Lux),높은 광도(1,500~10,000 Lux)",40 ~ 70%,,"드라세나 와네키는 생육속도가 느린 편 이지만 누구나 쉽게 키울 수 있는 공기정화 식물이다. 가정에서 키우면 키가 보통 1m 안팎으로 자라지만 환경이 좋은 곳에서는 3m까지도 자란다. (잎의 길이: 20~50cm 폭 2~5cm정도 된다.) 물은 보통이며 약간 건조한 환경에서도 스프레이로 분무하면 잘 자란다. (물을 과하게 줄 경우 잎 끝이 갈색으로 변하기도 하고 물이 너무 부족하면 병약한 잎이 나오기도 한다.)
분갈이 시 화원에서 판매하는 배수성이 좋은 화분용 배합토에 모래나 마사토를 20~30% 섞어서 하면 된다. 반그늘을 좋아하며 여름철에는 다습한 환경을 좋아한다. (주기적으로 화분 위치를 바꿔 골고루 햇빛을 받을 수 있도록 한다.)
벤젠 제거에 효과적인 에코플랜트이다."
드라세나 '송오브인디아',http://www.nongsaro.go.kr/cms_contents/301/14694_MF_ATTACH_01_TMB.gif,관목형,보통 (약간 잘 견딤),초보자,흙을 촉촉하게 유지함(물에 잠기지 않도록 주의),흙을 촉촉하게 유지함(물에 잠기지 않도록 주의),흙을 촉촉하게 유지함(물에 잠기지 않도록 주의),화분 흙 대부분 말랐을때 충분히 관수함,16~20℃,"낮은 광도(300~800 Lux),중간 광도(800~1,500 Lux),높은 광도(1,500~10,000 Lux)",40 ~ 70%,,"고급스러운 이미지에 맞게 꽃말은 번영과 영광, 다양한 크기와 무늬를 가진 품종이다. 어두운 그늘에서 잘 적응하는 반음지 식물, 직사광선은 피하고 추위에 약해 겨울에 따뜻하게 관리해야 한다. 잎과 가지를 가지치기해서 정리해 주어야 새로운 가지가 잘 나온다. 영양공급을 뒷받침에 주어야 약하게 자라지 않고 3~4개 이상의 굵고 튼튼한 여러 개의 가지로 자라나게 할 수 있다.
노란색 바탕의 잎에 짙은 녹색 무늬를 가진 소형종이며, 낮은 광도 등의 환경이 비교적 좋지 않는 곳에서도 잘 자라므로 실내조경에 자주 사용될 뿐 아니라 일반 가정에서도 매우 인기가 있어서 선물용으로 많이 이용되고 있다."
드라세나 '자바',http://www.nongsaro.go.kr/cms_contents/301/14696_MF_ATTACH_01_TMB.jpg,관목형,보통 (약간 잘 견딤),경험자,토양 표면이 말랐을때 충분히 관수함,토양 표면이 말랐을때 충분히 관수함,토양 표면이 말랐을때 충분히 관수함,화분 흙 대부분 말랐을때 충분히 관수함,16~20℃,"중간 광도(800~1,500 Lux),높은 광도(1,500~10,000 Lux)",40 ~ 70%,,"반음지성 식물이라서 통풍이 좋은 밝은 그늘에 두어야 하고 직사광선은 좋아하지 않습니다. 잎에 무늬가 없으며 공기정화식물이다. 공기정화식물은 증산작용이 활발한 식물로 주변의 공기와 수분이 식물 내로 흡수됨으로, 그 안에 포함된 유해 물질들이 뿌리 주변의 토양 속 미생물에 의해 분배된다. 또한, 증산작용도 활발해 증산에 의해 주변토양의 수분이 급속하게 식물체 내로 이동하고 뿌리 부근의 공기가 땅속으로 빨려 들어가면서 주변 공기의 이동이 일어납니다.
환경이 비교적 좋지 않은 장소에서도 잘 자라기 때문에 크게 자라면, 가늘지만 튼튼한 목대위에 푸른 잎이 풍성하게 자라서 멋진 수형을 감상할 수 있다."
드라세나 '콤팩타',http://www.nongsaro.go.kr/cms_contents/301/14697_MF_ATTACH_01_TMB.jpg,"직립형,관목형",보통 (약간 잘 견딤),초보자,흙을 촉촉하게 유지함(물에 잠기지 않도록 주의),흙을 촉촉하게 유지함(물에 잠기지 않도록 주의),흙을 촉촉하게 유지함(물에 잠기지 않도록 주의),화분 흙 대부분 말랐을때 충분히 관수함,16~20℃,"낮은 광도(300~800 Lux),중간 광도(800~1,500 Lux),높은 광도(1,500~10,000 Lux)",40 ~ 70%,,"집안에서 키우기 아주 좋은 식물이며, 여름철에는 직사광선을 반드시 피해야 하고, 전체적으로 옥수수자루 같은 넓은 잎들이 방사형으로 무성하게 달리고 기왓장을 쌓듯 층층으로 성장한다. 
수분은 약간 축축해도 상관없지만 과습할 경우 잎이 가늘고 거칠어진다. 잎은 짙은 암녹색이고 광택이 나며 줄기에서 나선형으로 촘촘하게 돌려 나온다.
밭흙, 부엽, 모래를 3:5:2의 비율로 혼합하고, 4~9월에 월 1회 복합비료를 준다. 고온다습한 장마철 겨울은 물주기를 줄인다. 건조한 것을 싫어하는 식물이기 때문에 겨울에 건조해지면 분무기로 한 번씩 뿌려 주는 것이 좋다. 공기정화능력으로 뛰어나다.(포름알데히드, 벤젠, 톨루엔 등 제거)"
드라세나 '트리컬러 레인보우',http://www.nongsaro.go.kr/cms_contents/301/14698_MF_ATTACH_01_TMB.jpg,관목형,보통 (약간 잘 견딤),경험자,흙을 촉촉하게 유지함(물에 잠기지 않도록 주의),흙을 촉촉하게 유지함(물에 잠기지 않도록 주의),흙을 촉촉하게 유지함(물에 잠기지 않도록 주의),토양 표면이 말랐을때 충분히 관수함,16~20℃,"중간 광도(800~1,500 Lux),높은 광도(1,500~10,000 Lux)",40 ~ 70%,,"줄기는 가늘고 키는 3~4m 정도까지 자라며 잎의 폭은 1~2cm, 길이 30~60cm이며 장검과 같이 자라고 잎 가장자리는 적색, 안쪽은 유백색이다. 잎 전체가 붉은빛을 띠고 있는 고온다습을 좋아한다.
 내음성도 강해서 오랫동안 실내에서 잘 견디며 실내 어느 곳에 놓아도 잘 조화를 이룬다."
드라세나 드라코,http://www.nongsaro.go.kr/cms_contents/301/14688_MF_ATTACH_01_TMB.jpg,관목형,필요함,초보자,토양 표면이 말랐을때 충분히 관수함,토양 표면이 말랐을때 충분히 관수함,토양 표면이 말랐을때 충분히 관수함,화분 흙 대부분 말랐을때 충분히 관수함,21~25℃,"중간 광도(800~1,500 Lux),높은 광도(1,500~10,000 Lux)",40 ~ 70%,,"드라세나 드라코는 자연서식지에서는 거목이나 실내에서는 겨우 1m까지만 자란다. 빛이 충분하면 잎 가장자리에 약간 붉은색을 띄운다. 오래된 잎은 아래쪽으로 아치형을 그린다. 줄기나 잎을 자르면 그 단면에 붉은 액체가 흐른다고 해서 ‘용혈수’(龍血樹)라 불린다. 산소와 음이온을 많이 내뿜어 공기정화 효과가 뛰어나다. 이국적인 느낌의 관상가치가 높은 실내식물이다. 
"
드라세나 마지나타,http://www.nongsaro.go.kr/cms_contents/301/14689_MF_ATTACH_01_TMB.jpg,관목형,보통 (약간 잘 견딤),초보자,흙을 촉촉하게 유지함(물에 잠기지 않도록 주의),흙을 촉촉하게 유지함(물에 잠기지 않도록 주의),흙을 촉촉하게 유지함(물에 잠기지 않도록 주의),화분 흙 대부분 말랐을때 충분히 관수함,16~20℃,"중간 광도(800~1,500 Lux),높은 광도(1,500~10,000 Lux)",40 ~ 70%,,"우리나라에는 1960년대부터 들어와서 실내식물로 많이 알려졌다.
드라세나 마지나타는 잎 모양이 창처럼 가느다랗고 잎 길이는 60cm 내외이다. 또한, 야자수 잎처럼 뭉쳐나는 아름다운 잎들은 미술관, 관공서, 호텔, 쇼핑몰, 고급 레스토랑의 입구에서 우아한 자태를 뽐내곤 한다.
뿌리가 화분구멍으로 나오는 경우 흙이 굳어져서 물 흡수가 제대로 되지 않는 경우나, 뿌리가 썩어 식물 아랫부분 잎이 시드는 경우, 분갈이를 해주는 것이 좋다. 봄 4~6월, 겨울은 9~10월 사이에 하는 것이 좋다.
드라세나 마지나타는 자일렌과 트리클로로에틸렌 등 실내 독성물질 제거 능력이 우수해 공기청정기 역할을 톡톡히 해내므로 실내공기 정화에 좋다."
드라세나 맛상게아나,http://www.nongsaro.go.kr/cms_contents/301/14690_MF_ATTACH_01_TMB.jpg,"직립형,관목형",낮음 (잘 견딤),초보자,흙을 촉촉하게 유지함(물에 잠기지 않도록 주의),흙을 촉촉하게 유지함(물에 잠기지 않도록 주의),흙을 촉촉하게 유지함(물에 잠기지 않도록 주의),화분 흙 대부분 말랐을때 충분히 관수함,16~20℃,"낮은 광도(300~800 Lux),중간 광도(800~1,500 Lux),높은 광도(1,500~10,000 Lux)",40 ~ 70%,,"열대 원산종의 원예 변종으로 대형종이다.
잎은 길이가 약 50~90cm, 폭은 5cm 내외이다. 잎의 폭은 넓고 끝이 뾰족하며 늘어지는데 마치 옥수수 잎을 연상시킨다. 
실내에서는 3m까지 생장하는데, 줄기 윗부분을 20cm 정도 잘라주면 새로운 싹이 나와 자라고, 원기회복에 큰 도움이 된다.
사무실이나 실내 장식이 많은 매장, 거실에 두면 보기에도 좋고 실내의 답답함을 없애, 공간을 시원하게 연출할 수 있다.
반그늘에서 잘 자라고 추위에도 강하다.
"
드라세나 산데리아나,http://www.nongsaro.go.kr/cms_contents/301/14691_MF_REPR_ATTACH_01_TMB.gif,"직립형,관목형",낮음 (잘 견딤),초보자,흙을 촉촉하게 유지함(물에 잠기지 않도록 주의),흙을 촉촉하게 유지함(물에 잠기지 않도록 주의),흙을 촉촉하게 유지함(물에 잠기지 않도록 주의),화분 흙 대부분 말랐을때 충분히 관수함,21~25℃,"낮은 광도(300~800 Lux),중간 광도(800~1,500 Lux),높은 광도(1,500~10,000 Lux)",40 ~ 70%,,"드리세나 산데리아나는 고온다습을 좋아하므로 물을 충분히 준다. 여름의 경우 하루에 두번, 겨울에는 하루에 한 번 잎에 물을 뿌려준다. 삽목이나 취목으로 대표하는 식물이다.  드리세나는 다양한 크기와 무늬를 가진 품종이 있는데, 식물 환경이 비교적 좋지 안흥ㄴ 곳에서도 잘 자라므로 관엽 식물로 널리 이용되고 있다. 물가꾸기로 실내를 장식할 수도 있다. 단 꽃을 보기는 어렵다. "
드라세나 수르쿨로사,http://www.nongsaro.go.kr/cms_contents/301/14695_MF_ATTACH_01_TMB.jpg,관목형,필요함,경험자,토양 표면이 말랐을때 충분히 관수함,토양 표면이 말랐을때 충분히 관수함,토양 표면이 말랐을때 충분히 관수함,화분 흙 대부분 말랐을때 충분히 관수함,16~20℃,"낮은 광도(300~800 Lux),중간 광도(800~1,500 Lux),높은 광도(1,500~10,000 Lux)",40% 미만,," 60~90cm 정도 자라고 줄기는 작지만 강하고, 잎은 타원형으로 양 끝이 뾰족하다. 잎의 반점에 따라 플로리다 뷰티, 밀키웨이 등으로 나누어 지고, 긴 타원형 또는 달걀형으로 길이 10~13cm 정도로 어긋나고 각 마디마디 2~3개씩 달린다. 표면은 녹색으로 반들반들하고 불규칙한 흰 반점이 있다.
꽃은 흰색으로 얇은 꽃줄기와 함께 복산형 꽃차례로 작은 꽃이 둥글게 모여 피고 향기가 좋다.
한여름의 (8~9)월의 직사광선을 받는 곳은 피한다. 그 외의 계절에는 오전 햇빛을 조금 받게 하고 겨울에는 항상 햇빛을 받게 해주는 것이 좋다.
"
디지고데카,http://www.nongsaro.go.kr/cms_contents/301/14699_MF_ATTACH_01_TMB.jpg,"직립형,관목형",필요함,경험자,토양 표면이 말랐을때 충분히 관수함,토양 표면이 말랐을때 충분히 관수함,토양 표면이 말랐을때 충분히 관수함,화분 흙 대부분 말랐을때 충분히 관수함,16~20℃,"중간 광도(800~1,500 Lux),높은 광도(1,500~10,000 Lux)",40 ~ 70%,,"세계적으로 15종이 자생하고 있다. 줄기는 강직하고, 잎은 좁고 길며 결각이 심하고 긴 잎자루가 있다. 줄기는 곧게 자라며, 높이는 9~12m까지 자란다. 잎자루는 길며, 잎은 가늘고 기다란 손가락 모양이고, 7~9개가 부챗살처럼 펼쳐 다린다. 잎색은 짙고 어두운 녹색이며 잎맥은 적갈색을 띤다. 가장자리는 굵고 깊게 팬 톱니 모양이다.
수분 변화가 심할 때 늙은 잎에서 불그스레한 타원형의 작은 반점으로 나타나는 부종 증상이 생길 수 있다. 이것은 생리적 장해이므로 수분 변화가 심하지 않게 주의해서 관리하면 예방할 수 있다. 디지고데카는 뿌리가 왕성하게 뻗지 못하기 때문에 할 수 있는 한 최대로 뿌리를 건강하게 관리하는 것이 필수적이다. 응애가 생기지 않도록 정기적으로 살펴보아야 한다."
디펜바키아 '마리안느',http://www.nongsaro.go.kr/cms_contents/301/14700_MF_ATTACH_01_TMB.gif,풀모양,필요함,경험자,토양 표면이 말랐을때 충분히 관수함,토양 표면이 말랐을때 충분히 관수함,토양 표면이 말랐을때 충분히 관수함,화분 흙 대부분 말랐을때 충분히 관수함,21~25℃,"중간 광도(800~1,500 Lux),높은 광도(1,500~10,000 Lux)",40 ~ 70%,,"부드러운 연녹색 잎의 중앙에 선명한 흰색 무늬가 있는 소형종이다. 잎 모양, 색깔, 크기 등에 따른 다양한 품종이 있다.
밝은 반그늘이 적합하고, 5~9월의 생장기에는 실외에서 키울 수 있다.
빛이 적고 따뜻한 실내에서 잘 자라고, 추위에 매우 약한 식물이기 때문에 찬바람에 노출되지 않게 주의하고, 분갈이는 따뜻한 봄에 하는 것이 좋다.
녹색 바탕 잎 중앙부분에 황백색의 무늬가 있어 부드러운 느낌을 자아낸다.
수액이 피부에 닿으면 알레르기, 가려움증이 생길 수 있으므로 주의한다."
디펜바키아 '트로픽스노우',http://www.nongsaro.go.kr/cms_contents/301/14713_MF_ATTACH_01_TMB.jpg,풀모양,필요함,경험자,토양 표면이 말랐을때 충분히 관수함,토양 표면이 말랐을때 충분히 관수함,토양 표면이 말랐을때 충분히 관수함,화분 흙 대부분 말랐을때 충분히 관수함,21~25℃,"중간 광도(800~1,500 Lux),높은 광도(1,500~10,000 Lux)",40 ~ 70%,,"줄기는 굵고 크며, 잎은 두껍고 넓다. 생육이 강건한 품종으로 내한력이 약하다. 대형종이며 줄기는 두터워지고, 잎은 광택이 있는 짙은 녹색으로 유백색의 불규칙한 반점 무늬가 있다. 직사광선이 아닌 실내 밝은 장소에서 잘 자란다.
식물 전체에 독이 있기 때문에 일단, 입에 들어가면 심하게 아프고 혀와 성대에 마비 증상이 생겨 한동안 말하기가 어렵고 또 수액이 피부에 닿으면 알레르기, 가려움증이 생길 수 있다. 식물 전체에 독이 있기 때문에 식용은 금한다. 
일단 입에 들어가면 심하게 아프고 혀와 성대에 마비 증상이 생겨 한동안 말하기가 어렵고 또 수액이 피부에 닿으면 알레르기, 가려움증이 생길 수 있다."
떡갈잎 고무나무,http://www.nongsaro.go.kr/cms_contents/301/14911_MF_ATTACH_01_TMB.jpg,"직립형,관목형",필요함,초보자,토양 표면이 말랐을때 충분히 관수함,토양 표면이 말랐을때 충분히 관수함,토양 표면이 말랐을때 충분히 관수함,화분 흙 대부분 말랐을때 충분히 관수함,16~20℃,"중간 광도(800~1,500 Lux),높은 광도(1,500~10,000 Lux)",40 ~ 70%,,"큼직하고 진한 잎 색상 때문에 중후한 멋이 있는 떡갈잎 고무나무는 강한 생명력과 멋진 모양 덕분에 인기가 많다. 잎의 길이는 평균 30cm 정도이며, 잎이 두껍다. 잎자루가 짧고 잎면은 파상이 우글쭈글하다. 과습으로 인해 잎이 검게 변하면서 떨어질 수 있으므로 주의해야 한다. 갈나무에 익숙한 우리에게는 친근감이 감겨 단독으로 식재하는 것보다 모아 심는 것이 운치 있어 보인다."
러브체인,http://www.nongsaro.go.kr/cms_contents/301/14913_MF_ATTACH_01_TMB.jpg,"덩굴성,다육형",보통 (약간 잘 견딤),경험자,화분 흙 대부분 말랐을때 충분히 관수함,화분 흙 대부분 말랐을때 충분히 관수함,화분 흙 대부분 말랐을때 충분히 관수함,화분 흙 대부분 말랐을때 충분히 관수함,16~20℃,"중간 광도(800~1,500 Lux),높은 광도(1,500~10,000 Lux)",40% 미만,,"온도가 적당하여 정상적인 성장이 지속한다면 그에 맞춰 비료도 자주 주어야 길게 늘어지며 자란다. 
폭포처럼 아래쪽으로 길게 늘어지는 특성이 있어 거실이나 베란다에 걸어두면 보기 좋다.
줄기는 1~3m까지 자라며, 잎 앞면에 회백색 그물 무늬가 있고 뒷면은 적자색이다. 다른 덩굴식물과는 달리 땅속줄기에 덩이뿌리(물 저장뿌리)가 있어 다습한 환경을 싫어하고, 건조에 강하다.
여름철에 1~2cm 분홍색 깔때기 모양으로 생긴 독특한 통꽃이 피고 꽃이 피는 기간은 긴 편이다.
번식은 줄기 삽목을 주로 이용하는데, 덩굴을 두세 마디씩 잘라서 땅에 꽂거나 덩굴에 생기는 작은 덩이를 묻어두면 싹이 난다. 

























































- 환기: 규칙적인 환기가 필요. 































































- 물관리: 과습과 과한 물주기는 피해야 함. 빗물을 주면 토양이 산성화 될 수도 있음. 따뜻한 물을 사용하세요.































































- 행잉 바구니에 적합한 식물."
렉스베고니아,http://www.nongsaro.go.kr/cms_contents/301/14920_MF_ATTACH_01_TMB.jpg,풀모양,필요함,경험자,토양 표면이 말랐을때 충분히 관수함,토양 표면이 말랐을때 충분히 관수함,토양 표면이 말랐을때 충분히 관수함,화분 흙 대부분 말랐을때 충분히 관수함,16~20℃,"중간 광도(800~1,500 Lux),높은 광도(1,500~10,000 Lux)",40 ~ 70%,"봄,여름","
 베고니아의 관상부위는 세 가지(꽃, 잎, 반관목성)로 구분하는데, 렉스베고니아는 잎 무늬를 관상하는 식물이다. 잎이 두텁고 얼룩무늬도 있으며 달팽이처럼 말린 것도 있고 종류가 매우 다양하다. 줄기의 온몸에 거친 털이 나 있다. 잎은 대형 달걀 모양으로 길이는 30cm, 폭은 20cm 정도이다. 잎 면에는 품종에 따라 보라색, 빨간색, 은백색, 구릿빛 등 다양한 무늬가 있다. 렉스베고니아는 잎꽂이로 번식이 쉽다. 벤치 아래, 시원하고 습한 그늘에서 가장 이상적인 성장을 한다.
"
루모라고사리,http://www.nongsaro.go.kr/cms_contents/301/15830_MF_REPR_ATTACH_01_TMB.jpg,"덩굴성,풀모양",특별 관리 요구,전문가,흙을 촉촉하게 유지함(물에 잠기지 않도록 주의),흙을 촉촉하게 유지함(물에 잠기지 않도록 주의),흙을 촉촉하게 유지함(물에 잠기지 않도록 주의),토양 표면이 말랐을때 충분히 관수함,16~20℃,"중간 광도(800~1,500 Lux),높은 광도(1,500~10,000 Lux)",70% 이상,,"건조시에 분무기로 스프레이를 해주는 것도 좋다. 영양제는 봄부터 가을까지 한달에 두번 정도 액체비료를 준다. 하이포넥스나 바이오 가든, 등등 액체비료를 다른 화초에 주는 것보다 조금 약하게 물에 희석을 시켜서,분에 뿌리가 꽉차면 포기나누기 로 번식을 시킨다."
루스커스,http://www.nongsaro.go.kr/cms_contents/301/16034_MF_REPR_ATTACH_01_TMB.jpg,관목형,낮음 (잘 견딤),초보자,토양 표면이 말랐을때 충분히 관수함,토양 표면이 말랐을때 충분히 관수함,토양 표면이 말랐을때 충분히 관수함,화분 흙 대부분 말랐을때 충분히 관수함,16~20℃,"중간 광도(800~1,500 Lux),높은 광도(1,500~10,000 Lux)",40 ~ 70%,,"루스커스는 새로 자란 새순은 밝은 녹색으로, 자라난지 일정 기간이 지나면 녹색을 띈다. 어두운 녹색을 띈 잎의 경우는 물올림이 좀 더 쉬우며 잘 시들지 않습니다. 꽃다발, 꽃꽃이에도 두루 사용할 수 있는 대표적 꽃이며 싱그러운 느낌을 연출하기 위해 단독으로도 많이 사용된다. 꽃이 잎 뒤 조그맣게 종처럼 달리기 때문에 벌레로 오해하지 않도록 주의한다. "
마란타 류코뉴라,http://www.nongsaro.go.kr/cms_contents/301/16038_MF_ATTACH_01_TMB.jpg,풀모양,필요함,초보자,토양 표면이 말랐을때 충분히 관수함,토양 표면이 말랐을때 충분히 관수함,토양 표면이 말랐을때 충분히 관수함,토양 표면이 말랐을때 충분히 관수함,16~20℃,"중간 광도(800~1,500 Lux),높은 광도(1,500~10,000 Lux)",40 ~ 70%,,"잎에 독특한 무늬와 잎이 말려드는 습성이 있어 인상적인 마란타 류코뉴라는 영어 이름 ‘prayer plant(기도하는 식물)’ 로, 해질 무렵이면 기도할 때 손을 모으듯 위로 접히는 잎의 모양에서 유래한다. 잎이 접히는 이유는 체내의 습도를 유지하기 위해 낮에는 옆으로 펴져 있다가 밤이 되면 위로 모이는 현상을 보인다. 초장과 초폭은 각각 30cm 정도이고, 따뜻하고, 습한 지역에서 잘 성장한다. 온도, 습도가 낮은 건조하고 추운 환경에서는 잎이 갈색으로 변하여 떨어지거나 잎이 틀어질 수 있으므로, 건조한 경우 일정한 습도 유지에 주의해야 한다."
마삭줄,http://www.nongsaro.go.kr/cms_contents/301/16238_MF_ATTACH_01_TMB.jpg,덩굴성,보통 (약간 잘 견딤),초보자,토양 표면이 말랐을때 충분히 관수함,토양 표면이 말랐을때 충분히 관수함,토양 표면이 말랐을때 충분히 관수함,토양 표면이 말랐을때 충분히 관수함,16~20℃,"중간 광도(800~1,500 Lux),높은 광도(1,500~10,000 Lux)",40 ~ 70%,여름,"상록의 덩굴성 목본으로 흑갈색 줄기를 가지고 있다. 줄기는 길게 약 5m 정도 뻗으며, 줄기에서 뿌리를 내려 바위나 나무 등에 기어오른다. 꽃은 5~6월에 흰색으로 피고 지름은 2~3cm이며, 흰색에서 노란색으로 변하고 취산꽃차례를 이룬다. 타원형의 잎은 마주나며, 길이 2~5cm로 윤이 나고 두껍다. 열매는 원통형의 골돌과로 9월에 익으며 길이 12~22cm로 2개가 달린다. 잎과 줄기는 해열, 강장, 진통 및 생리통 등에 약용으로 쓰이기도 한다. 산지 숲 가장자리나 숲 속 습기가 있는 곳의 바위나, 큰 나무줄기에 칭칭 동여맨 듯 부착되어 있다."
만년청,http://www.nongsaro.go.kr/cms_contents/301/16239_MF_ATTACH_01_TMB.jpg,풀모양,낮음 (잘 견딤),초보자,토양 표면이 말랐을때 충분히 관수함,토양 표면이 말랐을때 충분히 관수함,토양 표면이 말랐을때 충분히 관수함,화분 흙 대부분 말랐을때 충분히 관수함,21~25℃,"낮은 광도(300~800 Lux),중간 광도(800~1,500 Lux),높은 광도(1,500~10,000 Lux)",40 ~ 70%,"봄,여름"," 내한성 상록 다년초로 굵은 땅속줄기 끝에서 9~12장의 녹색 잎이 모여난다. 높이 30~50cm이다. 잎의 길이는 30~40cm, 너비 3~5cm이고, 넓은 바소꼴이며 육질이고 윤기가 있다. 꽃은 5~7월에 연한 노란색이나 흰색으로 피고 잎 사이에서 자란 길이 2~4cm의 수상꽃차례에 빽빽이 달린다. 열매는 장과이고 둥글며 지름 1cm 정도로 8월에 붉게 익으며 간혹 황색도 있다. 잎은 1년에 보통 3-4장 나오는데 잎의 수명은 길면 3-4년정도이다. 가능한 자르지 말고 그대로 둔다.근경에는 로데인(Rohdein)이 들어 있어 강심제와 이뇨제로 악용된다. 잎에 여러 가지 색채가 든 무늬 종이 많이 나와 주로 관상용으로 이용되었다. "
만데빌라,http://www.nongsaro.go.kr/cms_contents/301/16241_MF_REPR_ATTACH_01_TMB.jpg,덩굴성,필요함,경험자,토양 표면이 말랐을때 충분히 관수함,토양 표면이 말랐을때 충분히 관수함,토양 표면이 말랐을때 충분히 관수함,화분 흙 대부분 말랐을때 충분히 관수함,16~20℃,"중간 광도(800~1,500 Lux),높은 광도(1,500~10,000 Lux)",40 ~ 70%,"봄,여름,가을","브라질 자스민, 동백 자스민이란 이름처럼 꽃이 화려하고 은은한 향기를 지닌 매력적인 덩굴식물로 약간 건조하게 관리한다."
멕시코소철,http://www.nongsaro.go.kr/cms_contents/301/16245_MF_ATTACH_01_TMB.jpg,풀모양,낮음 (잘 견딤),초보자,토양 표면이 말랐을때 충분히 관수함,토양 표면이 말랐을때 충분히 관수함,토양 표면이 말랐을때 충분히 관수함,화분 흙 대부분 말랐을때 충분히 관수함,21~25℃,"중간 광도(800~1,500 Lux),높은 광도(1,500~10,000 Lux)",40 ~ 70%,,"소철은 열대 및 아열대 아메리카에 약 40종이 분포한다. 
잎은 1년에 한번씩 새로 자라나며, 줄기의 끝이 굵은 것 일수도록 많이 나오고, 새로 나온 잎이 완전히 굳어질 때까지 먼저 잎을 자르지 않는 것이 좋다. 잎은 골판지처럼 딱딱해서 이국적인 모습을 연출할때 이용한다.
줄기는 괴경상으로 높이는 15cm, 엽장은 120cm까지 있고 소엽은 딱딱하고 4~22 개가 마주난다. 잎은 반 광택이 있는 황록색으로 마치 소철잎과 같이 붙어 있으나 엽육이 두텁고 잎이 크며 주로 관엽식물로 재배되고 있으며, 깃털모양의 우상엽(깃털잎)이다.
줄기와 잎은 갈색의 뽀얀 털 내지는 가루 같은 것으로 덮여있다."
멜라니 고무나무,http://www.nongsaro.go.kr/cms_contents/301/16246_MF_ATTACH_01_TMB.jpg,관목형,필요함,경험자,토양 표면이 말랐을때 충분히 관수함,토양 표면이 말랐을때 충분히 관수함,토양 표면이 말랐을때 충분히 관수함,토양 표면이 말랐을때 충분히 관수함,21~25℃,"중간 광도(800~1,500 Lux),높은 광도(1,500~10,000 Lux)",40 ~ 70%,,"야생에서는 커다란 교목으로 자라는 고무나무로 잎 모양은 크고 넓은 둥근 타원형으로 엽육이 두껍고 생육이 왕성하고, 음이온과 산소발생량이 많은 식물이다. 형태로 새로 나오는 잎은 색이 붉은빛이나 차츰 성장하며 짙은 녹색으로 바뀌는 아름다운 품종입니다.
라텍스를 포함하고 있는 가죽질감의 짙은 녹색을 띤 뚜꺼운 잎을 가지고 있으며, 이면의 주맥과 잎대는 적갈색이고, 2,5m까지 자란다. 작은 그릇에 꽃 2~3송이와 잎 1장으로도 아름다움을 살릴수 있는 식물이다.
세계적으로 약 800~2000종이 분포되어 있다."
목베고니아,http://www.nongsaro.go.kr/cms_contents/301/16448_MF_ATTACH_01_TMB.jpg,관목형,보통 (약간 잘 견딤),초보자,흙을 촉촉하게 유지함(물에 잠기지 않도록 주의),흙을 촉촉하게 유지함(물에 잠기지 않도록 주의),흙을 촉촉하게 유지함(물에 잠기지 않도록 주의),토양 표면이 말랐을때 충분히 관수함,21~25℃,"중간 광도(800~1,500 Lux),높은 광도(1,500~10,000 Lux)",40 ~ 70%,"봄,여름","목베고니아는 프랑스의 식물 애호가 베공(Begin, M)의 이름에서 유래되었다. 높이는 60cm정도이며, 잎은 가름한 심장 모양이고, 전체가 녹색이며,흰 얼룩점이 드문드문 있고, 뒷면의 잎맥은 붉다.
줄기는 곧게 자라며 어긋나게 자라는 커다란 잎과 풍성하게 꽃을 피우는 품종이다. 속은 독특한 특색은 크기가 서로 다른 4장의 꽃덮이(꽃잎과 꽃받침잎을 합해 부르는 이름)가 쌍으로 달리며, 암꽃의 아래쪽에 3개의 날개가 있다. 영양이 풍부할수록 풍성한 꽃 봉우리를 만든다. 자라나면서 줄기와 가지가 목질화(나무줄기처럼 딱딱해짐)가 되어간다."
몬스테라,http://www.nongsaro.go.kr/cms_contents/301/16449_MF_ATTACH_01_TMB.jpg,"덩굴성,풀모양",보통 (약간 잘 견딤),초보자,흙을 촉촉하게 유지함(물에 잠기지 않도록 주의),흙을 촉촉하게 유지함(물에 잠기지 않도록 주의),흙을 촉촉하게 유지함(물에 잠기지 않도록 주의),토양 표면이 말랐을때 충분히 관수함,16~20℃,"중간 광도(800~1,500 Lux),높은 광도(1,500~10,000 Lux)",70% 이상,,"몬스테라는 덩굴성 대형관엽식물로 6~8m 까지 자란다.
잎은 어긋나고 성숙한 것은 지름 1m 정도이다. 잎은 진녹색으로 크고 광택이 나며 잎맥 사이에 군데군데 타원형의 구멍이 파여 있어 폭우나 강한 바람에도 견딜 수 있는 구조로 발달 됐다. 흰색의 꽃이 피고 열매도 달린다. 그리고 잎은 절엽으로 하여 꽃꽂이 재료로도 쓰인다. 직시광선에 노출시키면 잎이 타기 쉬우므로 그늘에 둬야 한다."
무늬관음죽,http://www.nongsaro.go.kr/cms_contents/301/17749_MF_ATTACH_01_TMB.jpg,관목형,필요함,경험자,토양 표면이 말랐을때 충분히 관수함,토양 표면이 말랐을때 충분히 관수함,토양 표면이 말랐을때 충분히 관수함,화분 흙 대부분 말랐을때 충분히 관수함,16~20℃,"중간 광도(800~1,500 Lux),높은 광도(1,500~10,000 Lux)",40 ~ 70%,,"높이는 1~2m 이른다. 처음에는 줄기가 1개 이지만 자라면서 땅속줄기에서 싹이 뭉쳐난다. 잎은 손바닥 모양 겹잎으로 5~7갈래로 갈라지고, 갈라진 조각의 길이 5~10cm, 넓이 2~3cm, 잎자루 20~25cm이다. 무늬관음죽은 반그늘상태에서 관리하는 것이 생육이나 무늬의 발현에 적당하다. 그늘과 추위, 병해충에 강하며, 자라는 속도가 느려서 관리가 편하다. 잎은 젖은 물수건으로 닦아주는 것이 좋다. 수액이 인체의 피부나 점막을 자극할 수 있음, 관음죽을 지하수나 수경재배로 기르는 경우에는 수돗물 속의 염분이나 미네랄이 잎 끝에 축적되어 갈색으로 변할 수도 있는데 이런 현상이 나타날 때에는 갈색으로 변한 부분만 가위로 잘라내면 염분도 제거할 수 있고 특유의 톱니모양의 녹색 잎을 유지시킬 수 있다. 공기정화능력은 포름알데히드, 벤젠, 톨루엔, 크실렌, 클로로포름을 제거한다."
무늬마삭줄,http://www.nongsaro.go.kr/cms_contents/301/17750_MF_ATTACH_01_TMB.jpg,덩굴성,보통 (약간 잘 견딤),초보자,흙을 촉촉하게 유지함(물에 잠기지 않도록 주의),흙을 촉촉하게 유지함(물에 잠기지 않도록 주의),흙을 촉촉하게 유지함(물에 잠기지 않도록 주의),토양 표면이 말랐을때 충분히 관수함,16~20℃,"중간 광도(800~1,500 Lux),높은 광도(1,500~10,000 Lux)",40 ~ 70%,,"줄기는 8m 정도까지 자라고, 잎은 마주나고 타원형 또는 달걀 모양이며 표면은 짙은 녹색이고 윤기가 있으며, 뒷면은 털이 있거나 없고 가장자리는 밋밋하다. 길이 2~5cm 정도로 둥글고 가장자리에는 톱니가 없다.
꽃잎은 5개로 깊게 갈라져서 5~6월에 개화시기로 줄기에서 뿌리가 내려 다른 물체에 달라붙어 서식 점차 적갈색으로 갈변한다. 열매는 길이 1.2~2.2cm로 2개씩 달린다. 마삭줄이 많은 곳에서는 전혀 다른 풀이 자라지 못하고 온 사방이 마삭줄로 뒤덮여 있는 곳도 있다. 덩굴식물이 얽히지 않도록 수시로 가지치기를 해줘야 한다."
무늬벤자민고무나무,http://www.nongsaro.go.kr/cms_contents/301/17751_MF_ATTACH_01_TMB.jpg,직립형,보통 (약간 잘 견딤),초보자,토양 표면이 말랐을때 충분히 관수함,토양 표면이 말랐을때 충분히 관수함,토양 표면이 말랐을때 충분히 관수함,화분 흙 대부분 말랐을때 충분히 관수함,21~25℃,"중간 광도(800~1,500 Lux),높은 광도(1,500~10,000 Lux)",40 ~ 70%,," 저온에서도 잘 견디지만 저온, 음지, 과습 조건이 되면 잎이 떨어지기 쉬운 실내 환경이나 햇볕이 잘 드는 곳에 두고 잎에 영양을 공급해 주면 좋고 지나친 과습이나 건조는 피한다. 젖은 물수건으로 잎을 닦아주며 잎이 작고 성장함에 따라 가지는 우아하게 늘어지며 건조한 환경에 강하다. 줄기에 탄력성이 좋아 줄기를 만져줄 수록 부드러워지고, 그런 후 원하는 모양대로 유인할 수 있다. 공기정화능력은 포름알데히드, 벤젠, 톨루엔, 크실렌, 클로로포름 제거한다."
무늬산호수,http://www.nongsaro.go.kr/cms_contents/301/18575_MF_ATTACH_01_TMB.jpg,"관목형,덩굴성",보통 (약간 잘 견딤),초보자,토양 표면이 말랐을때 충분히 관수함,토양 표면이 말랐을때 충분히 관수함,토양 표면이 말랐을때 충분히 관수함,화분 흙 대부분 말랐을때 충분히 관수함,21~25℃,"중간 광도(800~1,500 Lux),높은 광도(1,500~10,000 Lux)",40 ~ 70%,"봄,여름","야생화초로 키우지만 예로부터 약용으로 쓰이던 식물입니다. 반양지성 식물로 밝은 실내나 오전 1-2시간 햇빛이 드는 베란다 등에서 기르면 되고 한낮의 직사광선에는 잎이 화상을 입어 모양이 흉해진다. 산호수는 햇볕의 세기에 따라서 열매가 빨리 자라기도 하고 색깔도 빨리 빨개지며 특히, 관수를 잘 해주어야 하며, 배수상태에 따라서 틀리지만, 보통의 경우 2~3일에 한번, 겨울철엔 4~5일 정도에 한번 흠뻑 주어야 말라 떨어지지 않는다. 물 관리만 잘하면 몇 년이 지나도 열매가 떨어지지 않고 그대로 달려 있으며 다음해엔 또 새로운 꽃이 피고 열매를 맺지만, 무늬산호수는 열매 맺기가 쉽지 않다."
무늬석창포,http://www.nongsaro.go.kr/cms_contents/301/18576_MF_ATTACH_01_TMB.jpg,"풀모양,로제트형",낮음 (잘 견딤),초보자,흙을 촉촉하게 유지함(물에 잠기지 않도록 주의),흙을 촉촉하게 유지함(물에 잠기지 않도록 주의),흙을 촉촉하게 유지함(물에 잠기지 않도록 주의),화분 흙 대부분 말랐을때 충분히 관수함,21~25℃,"중간 광도(800~1,500 Lux),높은 광도(1,500~10,000 Lux)",40 ~ 70%,,무늬 석창포는 병충해가 적어 실내에서 키우기가 쉽고 화병에 물을 채워주면 단순하고 단정한 모습으로 실내에 키우기 적합하다. 최대 성장 길이는 75cm 정도이며 잎 끝은 칼처럼 뾰족하고 항상 좋은 향기를 풍긴다. 
무늬쉐플레라'홍콩',http://www.nongsaro.go.kr/cms_contents/301/18593_MF_ATTACH_01_TMB.jpg,"직립형,관목형",필요함,초보자,토양 표면이 말랐을때 충분히 관수함,토양 표면이 말랐을때 충분히 관수함,토양 표면이 말랐을때 충분히 관수함,화분 흙 대부분 말랐을때 충분히 관수함,21~25℃,"중간 광도(800~1,500 Lux),높은 광도(1,500~10,000 Lux)",40 ~ 70%,,"잎모양 때문에 야자라고 하지만 두릅나무 과이다. 공기 정화, 가습 효과가 좋으며 키우기도 쉽다. 하루이틀 정도 단위로 화분 구멍으로 물이 스며나올 정도로 물을 주는 것을 추천한다. 무늬쉐플레라는 독이 있으므로 애완동물이나 어린이가 먹는 일이 없도록 주의한다. "
무늬알피니아,http://www.nongsaro.go.kr/cms_contents/301/18596_MF_ATTACH_01_TMB.jpg,풀모양,낮음 (잘 견딤),초보자,,,,,21~25℃,"중간 광도(800~1,500 Lux),높은 광도(1,500~10,000 Lux)",40 ~ 70%,"봄,여름",무늬알피니아는 비스듬히 사선으로 자라는 성질이 있다. 약용으로도 이용하며 녹색 바탕에 황색 또는 황백색 무늬가 불규칙하게 V자형으로 있는 것이 특징이다. 
무늬유카,http://www.nongsaro.go.kr/cms_contents/301/18597_MF_ATTACH_01_TMB.jpg,직립형,보통 (약간 잘 견딤),초보자,토양 표면이 말랐을때 충분히 관수함,토양 표면이 말랐을때 충분히 관수함,토양 표면이 말랐을때 충분히 관수함,화분 흙 대부분 말랐을때 충분히 관수함,21~25℃,"중간 광도(800~1,500 Lux),높은 광도(1,500~10,000 Lux)",40 ~ 70%,,무늬 유카는 토양이든 가리지 않고 생육이 왕성하다. 거름은 식물체가 연약해 질 수 있으니 주의하는 것이 좋다 . 꽃이 없어도 상록으로써 관상 가치가 높은 식물이다. 
무늬접란,http://www.nongsaro.go.kr/cms_contents/301/18599_MF_REPR_ATTACH_01_TMB.jpg,"풀모양,로제트형",보통 (약간 잘 견딤),초보자,토양 표면이 말랐을때 충분히 관수함,토양 표면이 말랐을때 충분히 관수함,토양 표면이 말랐을때 충분히 관수함,화분 흙 대부분 말랐을때 충분히 관수함,21~25℃,"중간 광도(800~1,500 Lux),높은 광도(1,500~10,000 Lux)",40 ~ 70%,,무늬접란은 흰색 무늬가 있는 뿌리에서 나온 잎과 밑으로 처지는 긴 덩굴 끝에 새싹이 돋아서 새포기로 자란다. 열대식물로 추위에 약하며 햇빛이 잘 드는 창가에서 키우는 것을 추천한다. 오염된 공기를 빨아드리고 산소를 내뿜는 양이 많아 공기를 정화해주는 대표적인 식물로 알려져 있다. 
무늬털머위,http://www.nongsaro.go.kr/cms_contents/301/18600_MF_ATTACH_01_TMB.jpg,풀모양,낮음 (잘 견딤),초보자,토양 표면이 말랐을때 충분히 관수함,토양 표면이 말랐을때 충분히 관수함,토양 표면이 말랐을때 충분히 관수함,토양 표면이 말랐을때 충분히 관수함,16~20℃,"중간 광도(800~1,500 Lux),높은 광도(1,500~10,000 Lux)",40 ~ 70%,"여름,가을",무늬털머위는 잎에 반딧불 모양의 무늬가 있어 관상 가치가 높은 식물이다. 꽃은 9-10월 경 피고 가지 끝에 1개씩 달린다. 잎자루를 식용으로 사용하기도 하며 약으로 주로 사용된다. 잎이 넓고 아름다워 요즘 따뜻한 곳의 지피식물로 많이 이용된다. 
무늬팻츠헤데라,http://www.nongsaro.go.kr/cms_contents/301/18602_MF_ATTACH_01_TMB.jpg,"관목형,덩굴성",필요함,경험자,토양 표면이 말랐을때 충분히 관수함,토양 표면이 말랐을때 충분히 관수함,토양 표면이 말랐을때 충분히 관수함,화분 흙 대부분 말랐을때 충분히 관수함,16~20℃,"중간 광도(800~1,500 Lux),높은 광도(1,500~10,000 Lux)",40 ~ 70%,,"벤젠 제거에 효과적인 에코플랜트이다.
키는 30-40cm 키가 작은 실내분화식물로 줄기는 곧게 자란다."
무늬푸밀라고무나무 ,http://www.nongsaro.go.kr/cms_contents/301/18604_MF_ATTACH_01_TMB.jpg,덩굴성,보통 (약간 잘 견딤),경험자,토양 표면이 말랐을때 충분히 관수함,토양 표면이 말랐을때 충분히 관수함,토양 표면이 말랐을때 충분히 관수함,화분 흙 대부분 말랐을때 충분히 관수함,21~25℃,"낮은 광도(300~800 Lux),중간 광도(800~1,500 Lux),높은 광도(1,500~10,000 Lux)",40 ~ 70%,,"높은 습도를 좋아함, 오랜 기간 잘 키우기가 어려우므로 매년 봄 분갈이 해 줌"
뮤렌베키아,http://www.nongsaro.go.kr/cms_contents/301/18649_MF_REPR_ATTACH_01_TMB.jpg,덩굴성,낮음 (잘 견딤),초보자,,,,,16~20℃,"낮은 광도(300~800 Lux),중간 광도(800~1,500 Lux)",40 ~ 70%,,"대체로 키우기 쉬운 식물로, 직사광선만 피하면 잘 자란다."
바위취,http://www.nongsaro.go.kr/cms_contents/301/18656_MF_ATTACH_01_TMB.jpg,"풀모양,로제트형",보통 (약간 잘 견딤),경험자,토양 표면이 말랐을때 충분히 관수함,토양 표면이 말랐을때 충분히 관수함,토양 표면이 말랐을때 충분히 관수함,화분 흙 대부분 말랐을때 충분히 관수함,16~20℃,"중간 광도(800~1,500 Lux),높은 광도(1,500~10,000 Lux)",40 ~ 70%,여름,"바위취는 우리나라 중부 이남의 반음지,음지에 조경용으로 식재하는는 상록 다년생 초본이다. 잎은 녹색에 연한 무늬가 있고, 뒷면은 자줏빛이 도는 붉은색이며 길이는 3~5㎝이다. 잎 가장자리에 치아 모양의 얕은 결각이 있으며 길이는 3~5㎝이며 꽃은 백색으로 꽃자루의 높이는 20~40㎝로서 곧게 서며 길이는 10~20㎝이고 짧은 홍자색의 선모가 있으며 줄기 꼭대기에서 핀다. 열매는 7~8월경에 달리고 길이는 4~5㎜로 원형이고 종자는 난형(달걀 모양)이며 관상용, 지피식물 또는 분화용으로 쓰이며, 전초는 약용으로 쓰인다."
박쥐란,http://www.nongsaro.go.kr/cms_contents/301/18659_MF_ATTACH_01_TMB.jpg,풀모양,필요함,전문가,흙을 촉촉하게 유지함(물에 잠기지 않도록 주의),흙을 촉촉하게 유지함(물에 잠기지 않도록 주의),흙을 촉촉하게 유지함(물에 잠기지 않도록 주의),토양 표면이 말랐을때 충분히 관수함,16~20℃,"중간 광도(800~1,500 Lux),높은 광도(1,500~10,000 Lux)",40 ~ 70%,,"본 종의 포자엽은 30~70㎝이고 길이는 60~90㎝로 기부는 좁고 직립한다. 잎 기부로부터 잎 끝까지의 형태는 V자형으로 상부에는 2~3회 우상으로 갈라져서 늘어진다. 잎 표면은 회녹색이고 뒷면은 녹백색이다. 외투엽은 원형으로 불룩하게 튀어 나오고 처음에는 녹색, 후에는 갈색으로 변한다. 외투 직경은 20㎝로 잎 가장자리는 약간의 파상이며 본 엽은 총생하고 좁고 길다. 갈라진 잎의 길이는 10㎝, 폭은 4㎝로 회녹색이고 뒷면은 회녹백색으로 털이 있다. 포자낭군은 황갈색이고 열편의 정점이 착생한다. 그래서 갈라진 풀잎은 황갈색으로 변한다. 원산지는 열대 아프리카, 열대 아시아, 온대 오스트레일리아로 14종이 있다. 회녹색의 사슴뿔 모양을 지니고 있으며 밝은 곳을 좋아한다. 건조한 것 보다는 습한 환경을 좋아하므로 잎에 자주 분무해 준다."
반딧불털머위,http://www.nongsaro.go.kr/cms_contents/301/18692_MF_ATTACH_01_TMB.jpg,풀모양,보통 (약간 잘 견딤),경험자,토양 표면이 말랐을때 충분히 관수함,토양 표면이 말랐을때 충분히 관수함,토양 표면이 말랐을때 충분히 관수함,토양 표면이 말랐을때 충분히 관수함,16~20℃,"중간 광도(800~1,500 Lux),높은 광도(1,500~10,000 Lux)",40 ~ 70%,여름,"
국화과의 여러해살이풀로 남부지방이나, 울릉도 ,제주도의 바닷가에서 자란다. 늘 푸른 잎이며 뿌리줄기는 굵고 짧으며 줄기는 곧게 서며 꽃대 모양이고 흰빛이 도는 갈색털이 덮여 있다. 9~10월에 머리모양 꽃차례를 이루고 노랑색의 꽃이 피며 꽃대 모양의 줄기 끝에 여러 개가 모여서 고른꽃차례를 이룬다. 한방과 민간에서 뿌리와 식물체를 진통, 보익, 진정 등의 약재로 쓰며 민간에서 줄기와 잎을 해독제로 쓰고 싱싱한 잎을 습진 또는 곪는데 약으로 쓰며, 관상용으로 많이 심는다.
"
백량금,http://www.nongsaro.go.kr/cms_contents/301/18694_MF_ATTACH_01_TMB.jpg,관목형,보통 (약간 잘 견딤),경험자,토양 표면이 말랐을때 충분히 관수함,토양 표면이 말랐을때 충분히 관수함,토양 표면이 말랐을때 충분히 관수함,토양 표면이 말랐을때 충분히 관수함,16~20℃,"낮은 광도(300~800 Lux),중간 광도(800~1,500 Lux),높은 광도(1,500~10,000 Lux)",40 ~ 70%,"봄,여름",부식질이 풍부하고 보수력이 좋은 토양이 적합하며 약간 응달진 장소가 좋음
백정화,http://www.nongsaro.go.kr/cms_contents/301/14915_MF_ATTACH_01_TMB.jpg,관목형,필요함,경험자,토양 표면이 말랐을때 충분히 관수함,토양 표면이 말랐을때 충분히 관수함,토양 표면이 말랐을때 충분히 관수함,화분 흙 대부분 말랐을때 충분히 관수함,16~20℃,"중간 광도(800~1,500 Lux),높은 광도(1,500~10,000 Lux)",40 ~ 70%,"봄,여름","만천성(滿天星)·두메별꽃이라고도 한다. 높이 약 1m이다. 가지가 많이 갈라져서 퍼진다. 잎은 마주나며 긴 타원형이고 길이 2cm 정도이다. 가장자리가 밋밋하며 턱잎은 가시처럼 되어 있다. 꽃은 5∼6월에 흰색 또는 연한 붉은빛을 띤 자주색으로 피고 잎겨드랑이에 달린다. 화관은 깔때기 모양이고 끝이 5개로 갈라져서 퍼지며 안에 털이 난다. 수술은 화관통에 붙어 있는데, 암술보다 긴 것과 짧은 것의 2종류가 있다. 열매는 핵과로서 7월에 익는다. 번식은 꺾꽂이와 포기나누기로 한다. 중국 남부 원산이며 관상용으로 쓰고 울타리에 많이 심는다. 원예품종으로는 겹꽃·만첩꽃, 잎에 반점이 있는 것 등을 개발하였다. 옆에서 볼 때는 T자같이 보이므로 흰색 꽃이 피는 정화라는 이름이 생겼다. 중국 남쪽에서 인도차이나 반도까지 분포한다. "
백화등,http://www.nongsaro.go.kr/cms_contents/301/14916_MF_ATTACH_01_TMB.JPG,덩굴성,필요함,경험자,흙을 촉촉하게 유지함(물에 잠기지 않도록 주의),흙을 촉촉하게 유지함(물에 잠기지 않도록 주의),흙을 촉촉하게 유지함(물에 잠기지 않도록 주의),토양 표면이 말랐을때 충분히 관수함,16~20℃,"중간 광도(800~1,500 Lux),높은 광도(1,500~10,000 Lux)",40 ~ 70%,봄,마삭줄 증에서 가장 잎과 꽃이 크며 향기도 강하다. 5-6월  개화하며 내건성은 강하나 내한성은 다소 약한 편이다.
벤자민고무나무,http://www.nongsaro.go.kr/cms_contents/301/14919_MF_ATTACH_01_TMB.jpg,"직립형,관목형",보통 (약간 잘 견딤),초보자,토양 표면이 말랐을때 충분히 관수함,토양 표면이 말랐을때 충분히 관수함,토양 표면이 말랐을때 충분히 관수함,토양 표면이 말랐을때 충분히 관수함,21~25℃,"중간 광도(800~1,500 Lux),높은 광도(1,500~10,000 Lux)",40 ~ 70%,,"상록 교목, 실내 대형 화분, 줄기가 유연하여 자유롭게 구부릴 수 있다."
벵갈고무나무,http://www.nongsaro.go.kr/cms_contents/301/15831_MF_ATTACH_01_TMB.jpg,"직립형,관목형",보통 (약간 잘 견딤),초보자,토양 표면이 말랐을때 충분히 관수함,토양 표면이 말랐을때 충분히 관수함,토양 표면이 말랐을때 충분히 관수함,토양 표면이 말랐을때 충분히 관수함,21~25℃,"중간 광도(800~1,500 Lux),높은 광도(1,500~10,000 Lux)",40 ~ 70%,,벵갈고무나무는 열대아시아의 산기슭에서 자라는 식물이다. 가지가 잘뻗고 옆으로 퍼져 잘라는 성질이 있어 가정에서도 키우기 좋은 식물이다.고무나무 중에서도 특히 성장 속도가 빠르며 고무나무 열매는 식용 가능하다. 특히 공기정화 과가 뛰어나며 포름알데히드를 제거해주고 미세먼지 흡착력이 뛰어나 실내 공기정화 식물로도 인기가 많다. 가지치기 시 수액이 나오는데 수액에는 독성이 있으므로 장갑을 착용하고 자르는 것이 좋다. 
병솔나무,http://www.nongsaro.go.kr/cms_contents/301/15835_MF_ATTACH_01_TMB.JPG,관목형,필요함,경험자,토양 표면이 말랐을때 충분히 관수함,토양 표면이 말랐을때 충분히 관수함,토양 표면이 말랐을때 충분히 관수함,화분 흙 대부분 말랐을때 충분히 관수함,21~25℃,"높은 광도(1,500~10,000 Lux)",40 ~ 70%,"봄,여름","꽃처럼 보이는 붉은 솔은 가느다란 수술이 모여 방망이를 이룬 것이다. 상록 소교목으로 지름 10cm 키 8m정도 자라며 호주, 파푸아뉴기니아 지역이 원산이다. 
병솔나무속에는 30여종이 있으며 대부분 원예종으로 재배되고 있다. 
줄기는 회색으로 어릴 때는 갈색으로 매끄럽다가 나이가 들면 세로로 갈라진다. 긴 가지는 버들처럼 늘어지며 잎 모양도 버들과 비슷하나 오래된 잎은 딱딱하며 잎은 폭 1cm, 길이 6~8cm 정도이며 톱니가 없고 잎의 앞, 뒷면이 유사하다. 
5~8월에 피는 꽃은 병을 닦는 솔처럼 피며 가느다란 수술이 모여 지름 5~6cm, 길이 15cm전후의 진한 붉은 색의 꽃방망이를 만든다. 꽃모양을 따서 나무이름이 Bottlebrush 또는 bottle brush tree이며 우리말도 '병솔나무'이다. 꽃이 진 자리에는 콩알크기의 열매가 달린다. 호주지역에서 잎을 향신료로 사용 한다.
"
보스톤고사리,http://www.nongsaro.go.kr/cms_contents/301/16037_MF_ATTACH_01_TMB.JPG,풀모양,보통 (약간 잘 견딤),초보자,흙을 촉촉하게 유지함(물에 잠기지 않도록 주의),흙을 촉촉하게 유지함(물에 잠기지 않도록 주의),흙을 촉촉하게 유지함(물에 잠기지 않도록 주의),토양 표면이 말랐을때 충분히 관수함,16~20℃,"중간 광도(800~1,500 Lux),높은 광도(1,500~10,000 Lux)",70% 이상,,"풍성하고 아름다운 잎 때문에 빅토리아 시대부터 실내에 도입되어 사랑을 받아왔으며, 오늘날에도 여전히 인기가 높은 실내식물이다."
봉의꼬리,http://www.nongsaro.go.kr/cms_contents/301/16138_MF_ATTACH_01_TMB.JPG,풀모양,보통 (약간 잘 견딤),초보자,흙을 촉촉하게 유지함(물에 잠기지 않도록 주의),흙을 촉촉하게 유지함(물에 잠기지 않도록 주의),흙을 촉촉하게 유지함(물에 잠기지 않도록 주의),토양 표면이 말랐을때 충분히 관수함,16~20℃,"중간 광도(800~1,500 Lux),높은 광도(1,500~10,000 Lux)",70% 이상,,잎은 우상복엽으로 1-3쌍이고 증산효과가 뛰어나다.
부겐빌레아,http://www.nongsaro.go.kr/cms_contents/301/18613_MF_ATTACH_01_TMB.jpg,"관목형,덩굴성",필요함,초보자,흙을 촉촉하게 유지함(물에 잠기지 않도록 주의),흙을 촉촉하게 유지함(물에 잠기지 않도록 주의),흙을 촉촉하게 유지함(물에 잠기지 않도록 주의),흙을 촉촉하게 유지함(물에 잠기지 않도록 주의),21~25℃,"중간 광도(800~1,500 Lux),높은 광도(1,500~10,000 Lux)",40 ~ 70%,"봄,여름,가을","덩굴성 관목으로 남아메리카 원산이다. 13종 내외가 알려져 있고 그 중에서 2종이 주로 재배된다. 부겐빌레아(B. glabra)는 브라질 원산으로서 높이 4∼5m 자라고 곧은 가시가 있다. 잎은 어긋나고 달걀 모양이며 가장자리가 밋밋하고 광택이 있으며 털이 없다. 꽃은 4월에서 11월까지 연중 피고 총상꽃차례를 이루며 3개의 포에 싸인다. 꽃색은 흰색, 빨강색, 분홍색, 노란색 등 다양하다. 포는 꽃처럼 보이며 그 안에 들어 있는 진짜 꽃은 작고 눈에 잘 띄지 않는다. 털부겐빌레아(B. spectabilis)는 이와 비슷하지만 잎에 털이 많다. 많은 품종이 있으며 한국에서는 온실에서 재배한다. "
브룬펠시아,http://www.nongsaro.go.kr/cms_contents/301/18652_MF_ATTACH_01_TMB.jpg,관목형,필요함,초보자,토양 표면이 말랐을때 충분히 관수함,토양 표면이 말랐을때 충분히 관수함,토양 표면이 말랐을때 충분히 관수함,화분 흙 대부분 말랐을때 충분히 관수함,21~25℃,"중간 광도(800~1,500 Lux),높은 광도(1,500~10,000 Lux)",40 ~ 70%,"봄,여름","실내에서 아기자기한 여러 가지 색의 꽃들이 은은한 향기를 뿜어내는 사랑스러운 나무이다. 
처음 꽃이 필 때는 진보라색이지만 차츰 연보라색으로 변하여 최종에는 흰색으로 바뀐다. 
햇빛과 통풍이 필요하며 물을 너무 자주 주면 잎이 마르듯이 우수수 떨어진다. 
브룬펠시아의 개화습성은 새로운 가지에서 다시 꽃이 맺히므로 꽃이 진 가지를 전정해 주면 더 많은 꽃을 볼 수 있다. 향이 짙으므로 밀폐된 공간에서 너무 오래 향기를 맡지 말고 환기를 시켜준다. 
원래는 아메리카 원산의 상록 관목이며 30여 종이 알려져 있다. 
미국브룬펠시아(lady-of-the night : B. americana)는 서인도 원산이고 높이 2.4m에 달한다. 
잎은 넓은 달걀 모양에서 달걀을 거꾸로 세운 듯한 모양이며 길이 10cm이다. 꽃은 대개 1개씩 달리고 흰색이지만 노란색으로 변하며 지름 5cm, 길이 10cm이고 밤에 향기가 강하다. 꽃받침은 짧고 열매는 장과로서 지름 2cm 내외이며 노란색으로 익는다."
브리세아,http://www.nongsaro.go.kr/cms_contents/301/18655_MF_ATTACH_01_TMB.jpg,로제트형,필요함,초보자,흙을 촉촉하게 유지함(물에 잠기지 않도록 주의),흙을 촉촉하게 유지함(물에 잠기지 않도록 주의),흙을 촉촉하게 유지함(물에 잠기지 않도록 주의),토양 표면이 말랐을때 충분히 관수함,21~25℃,"중간 광도(800~1,500 Lux),높은 광도(1,500~10,000 Lux)",40 ~ 70%,"봄,여름","약 250종이 자생한다. 주로 착생종이고 대형의 지생종인 것도 있다. 엽수가 많으며 활모양으로 뻗고 가죽질인 것이 많다. 
잎 가장자리에는 가시가 없다. 
꽃은 수상화서로 2열로 편평하게 붙는 것이 많다. 포는 단단한 다육질이고 적색, 녹색, 황색이며, 꽃은 주로 황, 백, 녹색이다. 
아나나스류 중에서 에크메아속과 더불어 재배상 중요한 위치를 차지한다.
"
비젯티접란,http://www.nongsaro.go.kr/cms_contents/301/18695_MF_ATTACH_01_TMB.JPG,"풀모양,로제트형",보통 (약간 잘 견딤),초보자,토양 표면이 말랐을때 충분히 관수함,토양 표면이 말랐을때 충분히 관수함,토양 표면이 말랐을때 충분히 관수함,화분 흙 대부분 말랐을때 충분히 관수함,21~25℃,"낮은 광도(300~800 Lux),중간 광도(800~1,500 Lux),높은 광도(1,500~10,000 Lux)",40 ~ 70%,,
산세베리아,http://www.nongsaro.go.kr/cms_contents/301/19448_MF_ATTACH_01_TMB.jpg,다육형,낮음 (잘 견딤),초보자,토양 표면이 말랐을때 충분히 관수함,토양 표면이 말랐을때 충분히 관수함,토양 표면이 말랐을때 충분히 관수함,화분 흙 대부분 말랐을때 충분히 관수함,21~25℃,"낮은 광도(300~800 Lux),중간 광도(800~1,500 Lux),높은 광도(1,500~10,000 Lux)",40 ~ 70%,,"산세베리아는 이탈리아 산 세베로의 왕자 라이문도 디 산그로(Raimondo di Sangro, 1710~1771)를 기리기 위해 붙인 이름이다.
공기정화식물로 인기 있는 산세베리아는 대표적인 CAM식물이다. 그러나 개나 고양이와 같은 애완동물이 섭취했을 경우는 구토나 설사를 일으킬 수 있으므로 조심해야 한다. 
이 식물의 영어 이름이 ‘시어머니의 혀’인 것은 꼿꼿하게 자라면서 가죽처럼 잎이 질기기 때문에 붙여진 이름이다. 
실내에서 꽃 피기는 상당히 어렵지만, 환경이 좋으면 흰빛에 가까운 옅은 그린색의 작은 꽃들이 핀다. 품종은 여러 종류가 있지만 가장자리에 노란 테두리가 있는 종이 가장 보편적으로 이용되고 있다. 
과습하지 않더라도 실내 온도가 10℃ 이하인 경우 썩는 원인이 된다. 특히 삽목 후 온도 관리에 주의해야 한다. "
산세베리아 '골든 하니',http://www.nongsaro.go.kr/cms_contents/301/19449_MF_ATTACH_01_TMB.jpg,다육형,낮음 (잘 견딤),초보자,토양 표면이 말랐을때 충분히 관수함,토양 표면이 말랐을때 충분히 관수함,토양 표면이 말랐을때 충분히 관수함,화분 흙 대부분 말랐을때 충분히 관수함,21~25℃,"낮은 광도(300~800 Lux),중간 광도(800~1,500 Lux),높은 광도(1,500~10,000 Lux)",40 ~ 70%,,"연중 빛이 좋은 반그늘에서 잘 자란다. 그러나 여름철에 너무 강한 직사광선은 피하는 것이 좋다. 겨울에 냉해를 입으면 아래쪽이 허물거리면서 썩어버리는데, 마치 관수를 너무 많이 하여 나타나는 현상처럼 보인다.
"
산호수,http://www.nongsaro.go.kr/cms_contents/301/19451_MF_ATTACH_01_TMB.jpg,"관목형,덩굴성",낮음 (잘 견딤),초보자,토양 표면이 말랐을때 충분히 관수함,토양 표면이 말랐을때 충분히 관수함,토양 표면이 말랐을때 충분히 관수함,화분 흙 대부분 말랐을때 충분히 관수함,16~20℃,"낮은 광도(300~800 Lux),중간 광도(800~1,500 Lux),높은 광도(1,500~10,000 Lux)",40 ~ 70%,"봄,여름","자금우, 백량금과 함께 자금우과에 속하며 빨간 열매가 인상적인 덩굴식물이다. 잎에 무늬가 있는 산호수도 있지만 무늬종은 일반종에 비해 열매가 잘 열리지 않는 특징이 있다. 꽃, 열매, 잎 모두 다 관상가치가 있으며  키우기 쉬운 관엽 식물이다. 
산호 중에서도 가장 비싼 것이 적색 산호인데, 산호수의 열매가 적색산호의 빛깔과 닮아있어 산호수라는 이름이 붙었다고 한다. 
"
삼색데코라고무나무,http://www.nongsaro.go.kr/cms_contents/301/19452_MF_ATTACH_01_TMB.jpg,"직립형,관목형",보통 (약간 잘 견딤),초보자,토양 표면이 말랐을때 충분히 관수함,토양 표면이 말랐을때 충분히 관수함,토양 표면이 말랐을때 충분히 관수함,화분 흙 대부분 말랐을때 충분히 관수함,21~25℃,"중간 광도(800~1,500 Lux),높은 광도(1,500~10,000 Lux)",40 ~ 70%,,"고무나무라는 이름은 고무와 유사한 라텍스를 함유하고 있는 두껍고 가죽처럼 느껴지는 잎에서 유래되었다. 크림색이 잎 가장자리에 들어가 있어 고급스럽고도 편안한 느낌의 실내 관엽 식물이다. 
"
상록넉줄고사리 '후마타',http://www.nongsaro.go.kr/cms_contents/301/19453_MF_ATTACH_01_TMB.gif,풀모양,보통 (약간 잘 견딤),초보자,흙을 촉촉하게 유지함(물에 잠기지 않도록 주의),흙을 촉촉하게 유지함(물에 잠기지 않도록 주의),흙을 촉촉하게 유지함(물에 잠기지 않도록 주의),토양 표면이 말랐을때 충분히 관수함,16~20℃,"낮은 광도(300~800 Lux),중간 광도(800~1,500 Lux),높은 광도(1,500~10,000 Lux)",70% 이상,,"너무 습기가 많으면 민달팽이의 피해와 곰팡이병이 생기지만 너무 건조할 때는 깍지벌레, 온실가루이, 가루깍지벌레 등이 발생한다. 그러나 거미발만 살아있다면 언제든지 새 순을 낼 수 있다."
새우란,http://www.nongsaro.go.kr/cms_contents/301/19455_MF_ATTACH_01_TMB.jpg,로제트형,필요함,경험자,토양 표면이 말랐을때 충분히 관수함,토양 표면이 말랐을때 충분히 관수함,토양 표면이 말랐을때 충분히 관수함,화분 흙 대부분 말랐을때 충분히 관수함,21~25℃,"중간 광도(800~1,500 Lux)",40 ~ 70%,"봄,여름"," 대부분의 서양난이 착생란인데 비하여 동양란은 지생란이 많다.  
제주도나 일본의 숲 속에서도 자라며 높이 30~50cm, 뿌리줄기는 옆으로 뻗는다. 뿌리줄기의 모양이 새우를 닮아 새우란이라고 하며 뿌리는 강장제로도 사용된다. 꽃이 아름답고 재배가 쉬운 편이다. 봄에 꽃이 지고나면 화분 위에 깻묵 덩이를 2~3개 얹어 주거나 영양제를 주어 이듬해에도 꽃이 잘 필 수 있도록 한다. 새우란은 음지 식물이지만 실내에서 재배할 때는 밝은 곳에 둔어야 꽃이 잘 핀다. 화분흙은 물 빠짐이 좋은 마사토나 마사토와 밭흙을 8:2의 비율로 섞어 사용한다. "
석창포,http://www.nongsaro.go.kr/cms_contents/301/19457_MF_ATTACH_01_TMB.jpg,"풀모양,로제트형",낮음 (잘 견딤),초보자,흙을 촉촉하게 유지함(물에 잠기지 않도록 주의),흙을 촉촉하게 유지함(물에 잠기지 않도록 주의),흙을 촉촉하게 유지함(물에 잠기지 않도록 주의),토양 표면이 말랐을때 충분히 관수함,16~20℃,"중간 광도(800~1,500 Lux),높은 광도(1,500~10,000 Lux)",40 ~ 70%,,"냇가에서 자라는 다년초로서 근경은 옆으로 뻗으며 마디가 많고 밑부분에서 수염뿌리가 돋으며, 땅속에 들어간 근경은 마디사이가 길며 백색이지만 지상으로 나온 것은 마디사이가 짧고 녹색이다. 잎은 근경 끝에 총생하며 길이 30∼50cm. 나비2∼8mm로 전체가 대검 비슷한 선형 수상이며 화서는 6-7월에 화경 옆에 달리고 연한 황색 꽃이 화축면에서 밀생한다. 근경은 진통, 진정 및 건위제로 사용되며 목욕탕에서도 사용한다."
세네시오 라디칸스,http://www.nongsaro.go.kr/cms_contents/301/19460_MF_REPR_ATTACH_01_TMB.jpg,"덩굴성,다육형",필요함,초보자,토양 표면이 말랐을때 충분히 관수함,토양 표면이 말랐을때 충분히 관수함,토양 표면이 말랐을때 충분히 관수함,토양 표면이 말랐을때 충분히 관수함,21~25℃,"중간 광도(800~1,500 Lux),높은 광도(1,500~10,000 Lux)",40% 미만,," 녹영이 둥근 구슬을 꿴 모양이라면, 세네시오 라디칸스는 작은 녹색 바나나를 줄에 꿰어놓은 형상의 다육식물이다. 다육질의 다년초로 잎은 호생하며 짧은 엽병이 있다. 잎의 길이는 2-3cm 정도로 선단이 위로 향하며 초생달 모양으로 바깥쪽에 암녹색의 세로줄 무늬가 있다. 꽃은 흰색으로 향기가 나며 잎은 약용으로 쓰인다. 
낮은 온도에서도 잘 견디는 편이나 계속적인 생장을 위해서는 야간 온도를 13℃이상은 유지해야 한다. 행잉바스켓용으로 좋다. 
"
세이프릿지 야자,http://www.nongsaro.go.kr/cms_contents/301/19663_MF_ATTACH_01_TMB.jpg,관목형,필요함,초보자,토양 표면이 말랐을때 충분히 관수함,토양 표면이 말랐을때 충분히 관수함,토양 표면이 말랐을때 충분히 관수함,토양 표면이 말랐을때 충분히 관수함,21~25℃,"중간 광도(800~1,500 Lux),높은 광도(1,500~10,000 Lux)",40 ~ 70%,,"
최대 2m 정도 자라며 모양이 가늘고 호리호리한 줄기들이 모여 하나의 다발을 이루는 형태를 갖는다. 줄기는 대나무와 비슷하며 황갈색의 섬유질로 싸여있다. 주황빛을 띄는 줄기에 검은색의 열매가 맺히지만 독성이 있으므로 먹지 않는 것이 좋다. 생장이 매우 빠른편으로 반양지에서 직사광선을 피하여 기르는 것이 좋지만 광량이 너무 적으면 잎이 전체적으로 처지고 모양이 흐트러진다. 물은 화분구멍으로 흘러나올 만큼 흠뻑 주며 하루에 한 두 차례 엽면에 스프레이로 뿌려 줄 경우 외관을 유지하는데 도움이 된다. 1989년 나사에서 발표한 50종의 우수실내정화식물 중 하나로 증산작용이 뛰어나고 휘발성 화학물질 제거 능력이 매우 우수하여 공기 정화식물로 인기가 높다.

"
셀라기넬라,http://www.nongsaro.go.kr/cms_contents/301/19696_MF_ATTACH_01_TMB.gif,풀모양,필요함,초보자,흙을 촉촉하게 유지함(물에 잠기지 않도록 주의),흙을 촉촉하게 유지함(물에 잠기지 않도록 주의),흙을 촉촉하게 유지함(물에 잠기지 않도록 주의),토양 표면이 말랐을때 충분히 관수함,21~25℃,"중간 광도(800~1,500 Lux),높은 광도(1,500~10,000 Lux)",70% 이상,,"
줄기와 잎이 향나무 가지와 비슷하고, 수태같이 생기기도 하다. 줄기가 연해 누워 자라고 줄기에 뿌리가 내리며 자란다. 포기는 밀집해서 소복하게 모여 자라고 잎은 밝은 녹색 또는 연녹색으로 비늘같이 부드러운 짧은 잎이 나 있다. 원산은 1과 1속으로 세계에 700종이 나며 주로 열대 우림지대에 자생하며 일본에 16종이 나고 한국에 6종이 난다. 화훼 장식 재료로 일반적으로 사용 되지는 않으나 작품의 밑 부분을 가려야 한다든지 수반화 아랫부분에 쓰여 작품의 아름다움을 더한다."
소피아 고무나무,http://www.nongsaro.go.kr/cms_contents/301/19703_MF_ATTACH_01_TMB.jpg,"직립형,관목형",필요함,경험자,토양 표면이 말랐을때 충분히 관수함,토양 표면이 말랐을때 충분히 관수함,토양 표면이 말랐을때 충분히 관수함,화분 흙 대부분 말랐을때 충분히 관수함,,"낮은 광도(300~800 Lux),중간 광도(800~1,500 Lux),높은 광도(1,500~10,000 Lux)",40 ~ 70%,,"고무식물은 고무질을 생산하는 식물로 전 세계의 400종 이상 알려져 있는데 한국에서 흔히 고무나무라고 하는 것은 인도고무나무이다. 인도고무나무는 고무를 채취할 목적보다는 관상식물로 정원에 심거나 화분에 심어 실내장식용에 쓰이고 있다. 소피아 고무나무는 인도고무나무를 개량한 품종으로 일반적인 멜라닌 고무나무 보다 잎이 크다. 강한 직사광선을 피하되 실내의 밝은 곳에서 재배하고 실내습도를 40~70% 유지하며 깍지벌레와 응애와 같은 병충해를 조심해야 한다. 넓은 잎에 먼지가 쌓이면 식물의 호흡작용에 장해를 받아 생육에 영향을 미치므로 젖은 헝겊으로 잎을 닦아준다. 
"
솔레이롤리아,http://www.nongsaro.go.kr/cms_contents/301/19704_MF_REPR_ATTACH_01_TMB.jpg,풀모양,낮음 (잘 견딤),초보자,화분 흙 대부분 말랐을때 충분히 관수함,화분 흙 대부분 말랐을때 충분히 관수함,화분 흙 대부분 말랐을때 충분히 관수함,화분 흙 대부분 말랐을때 충분히 관수함,16~20℃,"중간 광도(800~1,500 Lux),높은 광도(1,500~10,000 Lux)",40 ~ 70%,,"내한성이 강한 상록 여러해살이풀로 키는 약 5cm이며 줄기는 붉은색으로 30cm정도 뻗어 나간다. 둥근 작은 잎이 촘촘히 달려있고 흰색 작은 꽃이 피며 생명력이 강해 실내적응력이 뛰어나다. 관수는 화분에 흙이 말랐을 때 하며 잎이나 줄기에 물이 닿으면 곰팡이 병이 생길 수 있어 물을 줄때에는 저면관수 한다.
"
수박페페로미아,http://www.nongsaro.go.kr/cms_contents/301/19706_MF_REPR_ATTACH_01_TMB.jpg,풀모양,필요함,경험자,토양 표면이 말랐을때 충분히 관수함,토양 표면이 말랐을때 충분히 관수함,토양 표면이 말랐을때 충분히 관수함,화분 흙 대부분 말랐을때 충분히 관수함,21~25℃,"중간 광도(800~1,500 Lux),높은 광도(1,500~10,000 Lux)",40 ~ 70%,,"
수박 페페로미아는 자일렌 제거량이 ‘중’등급이고, 포름알데히드 제거량은 ‘중상’등급으로 우수한 공기정화식물이다. 새집증후군 원인물질인 자일렌과 포름알데히드의 제거효과가 우수하나, 빛을 너무 적게 받으면 도장(웃자람)하고 실내에서 재배할 때 습도 40~70%를 유지해야한다. 추위에 약해 겨울철 온도관리에 주의하고 부엽토성분의 배수가 잘되는 토양에 심는다. 깍지벌레 응애와 같은 병충해에 주의한다.  "
수박필레아,http://www.nongsaro.go.kr/cms_contents/301/19709_MF_ATTACH_01_TMB.jpg,"관목형,풀모양",특별 관리 요구,전문가,토양 표면이 말랐을때 충분히 관수함,토양 표면이 말랐을때 충분히 관수함,토양 표면이 말랐을때 충분히 관수함,화분 흙 대부분 말랐을때 충분히 관수함,21~25℃,"중간 광도(800~1,500 Lux),높은 광도(1,500~10,000 Lux)",40 ~ 70%,,잎 위쪽에 성긴 톱니가 있는 타원형 잎 표면에 규칙적인 은색 무늬가 있다.
수염 틸란드시아,http://www.nongsaro.go.kr/cms_contents/301/19711_MF_ATTACH_01_TMB.jpg,덩굴성,필요함,경험자,,,,,21~25℃,"중간 광도(800~1,500 Lux),높은 광도(1,500~10,000 Lux)",70% 이상,,수염 틸란드시아는 공기 정화에 좋은 반려 식물 중 하나이며 뿌리가 없어 공중에서도 습도와 영양분을 흡수하는 식물이다. 밀폐된 공간에서도 사람이 생존할 수 있을 정도로 산소 배출량과 공기 정화 능력이 뛰어난 식물이다. 햇빛을 좋아하며 일주일에 한 번 정도는 물에 담가두는 것을 추천한다. 
쉐플레라 '홍콩',http://www.nongsaro.go.kr/cms_contents/301/19715_MF_ATTACH_01_TMB.jpg,"직립형,관목형",보통 (약간 잘 견딤),초보자,토양 표면이 말랐을때 충분히 관수함,토양 표면이 말랐을때 충분히 관수함,토양 표면이 말랐을때 충분히 관수함,화분 흙 대부분 말랐을때 충분히 관수함,21~25℃,"낮은 광도(300~800 Lux),중간 광도(800~1,500 Lux),높은 광도(1,500~10,000 Lux)",40 ~ 70%,,"홍콩야자라고 알려진 쉐플레라 ‘홍콩’은 실내공기정화력이 우수한, 특히 담배연기를 잘 흡수하는 식물로 알려져 있으며 키가 큰 종류의 쉐플레라와 키가 작은 왜성종 쉐플레라가 있다. 물 꽂이 화분에 심어도 뿌리가 내리는 적응력이 강한 식물이지만, 추위에는 약하다. 수건으로 잎을 닦아 주면 잎에서 윤기가 생겨 관상하기 좋다. "
스킨답서스,http://www.nongsaro.go.kr/cms_contents/301/19716_MF_ATTACH_01_TMB.gif,덩굴성,보통 (약간 잘 견딤),초보자,토양 표면이 말랐을때 충분히 관수함,토양 표면이 말랐을때 충분히 관수함,토양 표면이 말랐을때 충분히 관수함,화분 흙 대부분 말랐을때 충분히 관수함,21~25℃,"낮은 광도(300~800 Lux),중간 광도(800~1,500 Lux),높은 광도(1,500~10,000 Lux)",40 ~ 70%,,"에코플렌트 중에서 가장 관리가 쉽고 잘 자라는 식물로 병해충에 대한 강한 저항성을 갖고 있다.
실내관엽 식물중 일산화탄소 제거능이 우수하여 주방의 기능성 식물로 알려진 종으로 어두운 곳에서도 잘 적응한다. 약 40m 길이까지 자랄 수 있는 덩굴성으로 행잉으로 이용하며 기근을 갖는다. 여러무늬 종들이 있으며 공기 정화력도 가지고 있다. 칼슘옥살레이트 성분을 가지고 있어 애완동물에게는 독성이 있다. 수경재배가 가능하여 줄기를 잘라 물꽂이 삽목하여 재배한다. 반음지에서 잘 자라며 겨울철에는 충분히 빛을 받게 하면서 물은 적게준다. "
스파티필룸,http://www.nongsaro.go.kr/cms_contents/301/19717_MF_ATTACH_01_TMB.gif,풀모양,보통 (약간 잘 견딤),경험자,토양 표면이 말랐을때 충분히 관수함,토양 표면이 말랐을때 충분히 관수함,토양 표면이 말랐을때 충분히 관수함,화분 흙 대부분 말랐을때 충분히 관수함,21~25℃,"낮은 광도(300~800 Lux),중간 광도(800~1,500 Lux),높은 광도(1,500~10,000 Lux)",40 ~ 70%,"봄,여름","대표적인 품종은 다음과 같다.

① 파티니이(S. patinii): 

원산지는 확실하지 않으며 한국에서 흔히 재배한다. 높이 40∼50cm 정도로 자라며 무리 지어 난다. 잎은 혁질(革質:가죽 같은 질감)로서 긴 타원 모양 바소꼴이며 길이 약 20cm, 나비 8cm 정도이다. 불염포는 길이 8∼10cm로서 흰색이다. 그늘진 곳에서도 잘 자란다.

② 칸니폴리움(S. cannifolium): 

남아메리카 북부와 트리니다드토바고 원산이다. 원예종이 많으며 높이 80∼100cm 정도이다. 땅속줄기가 자란 것으로서 무리지어 난다. 잎은 두껍고 길이 30∼50cm, 나비 10∼18cm이며 잎자루와 같은 길이이다. 추위에는 약하나 그늘에서도 자란다.

③ 플로리분둠(S. floribundum): 

콜럼비아 원산이다. 높이 약 30cm이다. 왜성종으로서 잎은 빽빽이 나나 무리를 이루지 못하고 생장도 더디다. 잎은 타원 모양으로서 둥그스름하며 혁질이다. 잎은 길이 15∼20cm, 나비 8cm 정도이다. 불염포는 넓은 달걀 모양이며 육수꽃차례로 달린다. 향기가 강하고 열매를 잘 맺는다. 번식은 종자로 한다.

④ 왈리시(S. wallisii): 

중앙 아메리카가 원산지인 상록다년초다. 최대 90cm까지 자라며 10~12cm의 타원형 불염포를 가지고 있다. 불염포는 흰색이나 나이가 들면 녹색을 띤다. 광택이 있는 잎은 약 60cm까지 자라며 타 종보다 큰 편이다. 마우나로아(mauna loa), 센세이션(sensation), 도미노(domino)를 비롯한 다양한 원예 품종의 모태가 되었다. 상업적으로 가장 많이 이용되고 있는 대형 원예종인 마우나로아는 미항공우주국(NASA)의 공기정화식물 실험을 거친 원예종으로 벤젠, 폼알데하이드, 트릴클로로에틸렌, 크실렌, 톨루엔, 암모니아, ,아세톤 등의 제거 능력이 특히 매우 뛰어나 공기정화식물로도 인기가 많다.

꽃자루가 길고 흰색의 아름다운 포엽에 꼬리같은 육수화서가 붙어있다. 공기정화식물로도 유명하지만, 칼라를 닮은 포엽이 완전히 전개되면 우아한 꽃과 같은 느낌이다. 흰색의 포엽은 시간이 지날수록 녹색으로 바뀌어 간다. 공중습도 관리에 유의하며 습한 여름철을 제외하고 잎에 자주 분무한다. 재배가 쉽지만 추위에는 조금 약하므로 겨울철 냉해를 받지 않도록 주의한다. "
시서스,http://www.nongsaro.go.kr/cms_contents/301/19719_MF_ATTACH_01_TMB.jpg,덩굴성,보통 (약간 잘 견딤),경험자,토양 표면이 말랐을때 충분히 관수함,토양 표면이 말랐을때 충분히 관수함,토양 표면이 말랐을때 충분히 관수함,토양 표면이 말랐을때 충분히 관수함,21~25℃,"중간 광도(800~1,500 Lux),높은 광도(1,500~10,000 Lux)",40 ~ 70%,,"시서스는 그리스어로 담쟁이덩굴을 뜻하며 ‘포도아이비’라고 불리는 생명력이 강한 엔렌다니카와 ‘캥거루이이비’ 라고 불리는 안타르티카 등 다양한 품종이 있다. 시서스 안타르티카는 잎이 난형으로 밝은 녹색이고 가장자리에 엉성한 톱니가 있다. 덩굴손이 있어서 다른 물체에 매달리는 특성이 있어 끈으로 연결시켜 유인하여 기를 수 있다. 오존에 민감해 오존의 피해정도를 육안으로 확인할 수 있어 실내에서 기를 때 오전경보장치 기능을 할 수 있다.  
"
시클라멘,http://www.nongsaro.go.kr/cms_contents/301/19707_MF_ATTACH_01_TMB.jpg,풀모양,필요함,전문가,토양 표면이 말랐을때 충분히 관수함,,토양 표면이 말랐을때 충분히 관수함,토양 표면이 말랐을때 충분히 관수함,16~20℃,"중간 광도(800~1,500 Lux),높은 광도(1,500~10,000 Lux)",40 ~ 70%,"봄,겨울","덩이줄기 구근식물인 시클라멘의 꽃은 11월~3월까지 피고, 한줄기 끝에 1개의 꽃이 피며, 보라색, 분홍색, 빨강색, 흰색 등 꽃 색이 다양하다. 통풍이 잘 되는 서늘한 곳을 좋아한다. 하트모양의 독특한 화형을 오랫동안 감상 할 수 있고 겨울철 실내에서 재배가 용이한 장점이 있다. 관수는 잎과 구근이 닿지 않도록 저면관수 하는 것이 좋다. 생육온도는 16~20℃로 여름철 차광을 하여 온도조절을 해준다. 진딧물, 응애, 온실가루이 등 병충해에 조심한다.
"
심비디움,http://www.nongsaro.go.kr/cms_contents/301/19712_MF_ATTACH_01_TMB.JPG,풀모양,필요함,전문가,화분 흙 대부분 말랐을때 충분히 관수함,토양 표면이 말랐을때 충분히 관수함,토양 표면이 말랐을때 충분히 관수함,화분 흙 대부분 말랐을때 충분히 관수함,21~25℃,"중간 광도(800~1,500 Lux),높은 광도(1,500~10,000 Lux)",70% 이상,겨울,"‘물위의 배’라는 뜻으로 꽃은 2개의 꽃잎 1개의 설판, 3개의 꽃받침으로 구성된다. 분홍색, 빨강색, 노란색, 흰색 등 다양한 색을 갖고 있으며 화려하지만 대부분 향기가 없다. 우리나라에서는 겨울철에 꽃이 피고 화분용이나 절화로 많이 쓰이며 결혼식 축하 코사지로 많이 쓰인다. 지하부 배지의 과습에 약하므로 건조하게 관리한다. 뿌리가 꽉 차기 전, 3~4월에 분갈이를 하는 것이 좋다."
싱고니움,http://www.nongsaro.go.kr/cms_contents/301/19714_MF_ATTACH_03_TMB.jpg,"덩굴성,풀모양",필요함,경험자,흙을 촉촉하게 유지함(물에 잠기지 않도록 주의),흙을 촉촉하게 유지함(물에 잠기지 않도록 주의),토양 표면이 말랐을때 충분히 관수함,화분 흙 대부분 말랐을때 충분히 관수함,21~25℃,"중간 광도(800~1,500 Lux),높은 광도(1,500~10,000 Lux)",40 ~ 70%,,"연두색, 흰색, 빨강, 분홍색등의 잎색과 줄무늬, 점무늬 등 다양한 잎모양을 지닌 대표적인 잎보기식물이다. 실내 암모니아 제거능력 우수하고 반그늘을 좋아하며 고온다습한 환경에서 잘 자란다. 덩굴성이면서 줄기 마디에서 기근이 나와 다른 물체에 붙어 자란다. 줄기를 자르면 즙액이 나오고 이를 식용하면 위험하다. 응애, 깍지벌레, 온실가루이 병충해를 조심한다.

"
아글라오네마,http://www.nongsaro.go.kr/cms_contents/301/19469_MF_ATTACH_01_TMB.jpg,풀모양,보통 (약간 잘 견딤),경험자,토양 표면이 말랐을때 충분히 관수함,토양 표면이 말랐을때 충분히 관수함,토양 표면이 말랐을때 충분히 관수함,화분 흙 대부분 말랐을때 충분히 관수함,21~25℃,"낮은 광도(300~800 Lux),중간 광도(800~1,500 Lux),높은 광도(1,500~10,000 Lux)",40 ~ 70%,,영화 ‘레옹’의 주인공이 소중하게 여기던 화분식물로 잘 알려진 화분식물로 은빛과 녹색이 잘 배합되어 고급스러운 느낌을 전해준다. 최근에는 화사한 빛깔의 품종 ‘오로라’도 유통되고 있다. 밝은 빛을 공급하면 가장자리와 주맥의 붉은 빛이 선명해진다. 추위에 약하므로 겨울철 실내온도를 잘 관리하며 수경재배로 재배가 가능하다.
아데니움,http://www.nongsaro.go.kr/cms_contents/301/19468_MF_ATTACH_01_TMB.jpg,"관목형,다육형",보통 (약간 잘 견딤),경험자,화분 흙 대부분 말랐을때 충분히 관수함,화분 흙 대부분 말랐을때 충분히 관수함,화분 흙 대부분 말랐을때 충분히 관수함,화분 흙 대부분 말랐을때 충분히 관수함,21~25℃,"높은 광도(1,500~10,000 Lux)",40 ~ 70%,"봄,여름",아데니움은 선인장다육식물이다. 꽃이 최초로 발견된 장소인 예멘의 'Aden'에서 유래한 것으로 알려져 있으며 사막의 장미 '석화'로도 부릅니다. 건조한 기후에서 물을 저장하기 위해 부풀어 오른 독특한 형태의 줄기를 가지고 있다. 
아디안텀,http://www.nongsaro.go.kr/cms_contents/301/19467_MF_REPR_ATTACH_01_TMB.jpg,풀모양,특별 관리 요구,경험자,토양 표면이 말랐을때 충분히 관수함,토양 표면이 말랐을때 충분히 관수함,토양 표면이 말랐을때 충분히 관수함,화분 흙 대부분 말랐을때 충분히 관수함,21~25℃,"중간 광도(800~1,500 Lux),높은 광도(1,500~10,000 Lux)",40 ~ 70%,,고사리류의 식물로 처음엔 위로 자라다가 어느 정도 자라면 아래로 처지는 형태로 밝은 녹색 잎이 많이 달려 있어 매우 섬세한 느낌을 준다.연한 녹색의 잎이 부드러운 관엽식물이고 원줄기는 윤기나는 검은색이다. 
아라우카리아,http://www.nongsaro.go.kr/cms_contents/301/19466_MF_ATTACH_01_TMB.jpg,직립형,낮음 (잘 견딤),초보자,토양 표면이 말랐을때 충분히 관수함,토양 표면이 말랐을때 충분히 관수함,토양 표면이 말랐을때 충분히 관수함,화분 흙 대부분 말랐을때 충분히 관수함,21~25℃,"중간 광도(800~1,500 Lux),높은 광도(1,500~10,000 Lux)",40 ~ 70%,,"송곳모양의 부드러운 바늘이 있는 가지가 수평으로 자라는 우아한 상록성 나무이다.
공기정화능력이 우수하고 재배가 쉬워 실내식물로 기르기에 적합하다. 반음지나 반양지에서 잘 자라며 직접적으로 빛을 받으면 잎이 누렇게 타므로 직사광선은 피하는 게 좋다. 키가 큰 실내식물로 겨울철 크리스마스트리로 사용하기도 하는데 어두운 곳에 오래두면 모양이 흐트러지므로 주의한다. 추위에 강해 남부 지방에서는 실외 정원에서 키우기도 하고 실내에서 2~3년에 한번 씩 분갈이를 한다.    "
아레카야자,http://www.nongsaro.go.kr/cms_contents/301/19465_MF_ATTACH_01_TMB.gif,"직립형,관목형",필요함,경험자,토양 표면이 말랐을때 충분히 관수함,토양 표면이 말랐을때 충분히 관수함,토양 표면이 말랐을때 충분히 관수함,토양 표면이 말랐을때 충분히 관수함,21~25℃,"중간 광도(800~1,500 Lux),높은 광도(1,500~10,000 Lux)",40 ~ 70%,,NASA가 지정한 실내공기 정화 식물 중에서 가장 일등공신으로 꼽히는 식물로 거실이나 사무실 등의 공기정화에 필수적인 식물이다.비교적 키우기 쉽지만 너무 강한 직사광선이나 건조한 공기는 싫어한다. 야자류 중에서는 질감도 부드럽고 여성스러운 느낌을 주며 가습기를 대신할 정도로 증산량이 뛰어난 식물이다. 
아마릴리스,http://www.nongsaro.go.kr/cms_contents/301/19470_MF_ATTACH_01_TMB.jpg,"풀모양,로제트형",낮음 (잘 견딤),초보자,토양 표면이 말랐을때 충분히 관수함,흙을 촉촉하게 유지함(물에 잠기지 않도록 주의),토양 표면이 말랐을때 충분히 관수함,화분 흙 대부분 말랐을때 충분히 관수함,21~25℃,"높은 광도(1,500~10,000 Lux)",40 ~ 70%,"봄,여름","아마릴리스의 꽃잎은 백합과 유사하며 개화 기간은 약 10-24일, 피어있는 기간은 2-5일 정도이다. 꽃이 크고 아름다워 원예가들한테도 인기가 많다. "
아스파라거스 풀루모수스,http://www.nongsaro.go.kr/cms_contents/301/19464_MF_ATTACH_01_TMB.jpg,"덩굴성,풀모양",필요함,경험자,흙을 촉촉하게 유지함(물에 잠기지 않도록 주의),흙을 촉촉하게 유지함(물에 잠기지 않도록 주의),흙을 촉촉하게 유지함(물에 잠기지 않도록 주의),토양 표면이 말랐을때 충분히 관수함,21~25℃,"중간 광도(800~1,500 Lux),높은 광도(1,500~10,000 Lux)",40 ~ 70%,,통칭용어인 아스파라거스로 불리지만 정식 학명은 아스파라거스 플루모서스 이다. 줄기는 가늘고 길며 빳빳하고 딱딱하다. 
아스플레니움,http://www.nongsaro.go.kr/cms_contents/301/19463_MF_ATTACH_01_TMB.jpg,로제트형,필요함,경험자,항상 흙을 축축하게 유지함(물에 잠김),항상 흙을 축축하게 유지함(물에 잠김),항상 흙을 축축하게 유지함(물에 잠김),토양 표면이 말랐을때 충분히 관수함,21~25℃,"중간 광도(800~1,500 Lux),높은 광도(1,500~10,000 Lux)",40 ~ 70%,,연녹색의 광택 있는 잎이 시원한 관엽식물이고 창모양의 반짝이는 잎이 로제트 형태로 나오면서 둥지 모양으로 자란다.
아왜나무,http://www.nongsaro.go.kr/cms_contents/301/19462_MF_ATTACH_01_TMB.jpg,관목형,낮음 (잘 견딤),초보자,토양 표면이 말랐을때 충분히 관수함,토양 표면이 말랐을때 충분히 관수함,토양 표면이 말랐을때 충분히 관수함,화분 흙 대부분 말랐을때 충분히 관수함,16~20℃,"중간 광도(800~1,500 Lux),높은 광도(1,500~10,000 Lux)",40 ~ 70%,봄,"아왜나무는 흰색의 꽃과 붉에 익는 열매, 사철 푸르른 가죽질의 반짝이는 두꺼운 잎이 매력적인 나무이다. 인동과에 속하는 상록성 교목으로 우리나라 제주도와 남해안 섬지방에 자생하며 대만,일본,인도, 중국 등에도 널리 분포한다. "
아이비,http://www.nongsaro.go.kr/cms_contents/301/19461_MF_ATTACH_01_TMB.jpg,덩굴성,낮음 (잘 견딤),초보자,흙을 촉촉하게 유지함(물에 잠기지 않도록 주의),흙을 촉촉하게 유지함(물에 잠기지 않도록 주의),흙을 촉촉하게 유지함(물에 잠기지 않도록 주의),토양 표면이 말랐을때 충분히 관수함,16~20℃,"중간 광도(800~1,500 Lux),높은 광도(1,500~10,000 Lux)",40 ~ 70%,,아이비는 더운 것을 싫어하므로 너무 더운 곳은 피하고 조금 서늘한 곳에서 키우는 것이 좋다. 주위가 건조할 때는 잎에 자주 분무해 준다.
아프리칸 바이올렛,http://www.nongsaro.go.kr/cms_contents/301/18691_MF_REPR_ATTACH_01_TMB.gif,"풀모양,로제트형",필요함,경험자,토양 표면이 말랐을때 충분히 관수함,토양 표면이 말랐을때 충분히 관수함,토양 표면이 말랐을때 충분히 관수함,토양 표면이 말랐을때 충분히 관수함,16~20℃,"중간 광도(800~1,500 Lux),높은 광도(1,500~10,000 Lux)",40 ~ 70%,"봄,여름,겨울","다년생, 다육질의 타원형 잎에 털이 있고 꽃의 색상과 형태에 따라 다양한 품종이 있음

"
안수리움,http://www.nongsaro.go.kr/cms_contents/301/18660_MF_ATTACH_01_TMB.jpg,풀모양,필요함,경험자,토양 표면이 말랐을때 충분히 관수함,토양 표면이 말랐을때 충분히 관수함,토양 표면이 말랐을때 충분히 관수함,토양 표면이 말랐을때 충분히 관수함,21~25℃,"중간 광도(800~1,500 Lux),높은 광도(1,500~10,000 Lux)",40 ~ 70%,"봄,여름,가을,겨울","일산화탄소, 암모니아 가스 제거 능력이 좋기 때문에 주방이나 화장실이 적합하다.
오랫동안 감상 할 수 있는 광택이 있는 포엽이 아름다워 실내에서 분화로 기르는 열대 관엽 관화 식물이다."
알로카시아 아마조니카,http://www.nongsaro.go.kr/cms_contents/301/18658_MF_ATTACH_01_TMB.jpg,풀모양,필요함,전문가,흙을 촉촉하게 유지함(물에 잠기지 않도록 주의),흙을 촉촉하게 유지함(물에 잠기지 않도록 주의),흙을 촉촉하게 유지함(물에 잠기지 않도록 주의),토양 표면이 말랐을때 충분히 관수함,21~25℃,"중간 광도(800~1,500 Lux),높은 광도(1,500~10,000 Lux)",40 ~ 70%,,"거북이의 등껍질, 코끼리의 귀를 닮은 알로카시아 아마조니카는 알로카시아 오도라와 다르게 암녹색의 어두운 잎에 하얀색 선이 뚜렷하게 보인다. 따뜻한 곳을 좋아하며 건조에 약하므로 주의가 필요하다. 플로리스트가 장식을 할 때 가장 대표적으로 많이 사용되는 식물이다. "
알로카시아 쿠쿨라타,http://www.nongsaro.go.kr/cms_contents/301/19471_MF_REPR_ATTACH_02_TMB.jpg,직립형,보통 (약간 잘 견딤),초보자,흙을 촉촉하게 유지함(물에 잠기지 않도록 주의),흙을 촉촉하게 유지함(물에 잠기지 않도록 주의),흙을 촉촉하게 유지함(물에 잠기지 않도록 주의),토양 표면이 말랐을때 충분히 관수함,16~20℃,"중간 광도(800~1,500 Lux),높은 광도(1,500~10,000 Lux)",40 ~ 70%,,두꺼운 목대와 큼지막한 입사귀가 매력적인 식물이다. 특유의 휴양지스러운 분위기로 인해 많은 사람들이 선호하는 화분 중 하나이다. 햇빛이 잘 드는 곳에서 쉽게 키울 수 있는 식물 중 하나이다. 
에메랄드리플 페페로미아,http://www.nongsaro.go.kr/cms_contents/301/18654_MF_REPR_ATTACH_01_TMB.jpg,풀모양,필요함,경험자,,,,,21~25℃,"중간 광도(800~1,500 Lux),높은 광도(1,500~10,000 Lux)",40 ~ 70%,,"페페로미아는 인도, 브라질, 페루가 원산지이며 늘푸른 여러해살이풀이다. 페페로미아는 그리스어로 '후추를 닮았다'는 뜻으로 잎이 두껍고 아름다운 후추과의 식물이다. 잎에 수분이 많아 전자파를 제거하는 능력이 있다. "
에크메아 파시아타,http://www.nongsaro.go.kr/cms_contents/301/18601_MF_ATTACH_01_TMB.jpg,로제트형,보통 (약간 잘 견딤),경험자,토양 표면이 말랐을때 충분히 관수함,토양 표면이 말랐을때 충분히 관수함,토양 표면이 말랐을때 충분히 관수함,토양 표면이 말랐을때 충분히 관수함,21~25℃,"중간 광도(800~1,500 Lux),높은 광도(1,500~10,000 Lux)",40 ~ 70%,"봄,여름","색깔이 선명한 포엽(苞 : 보통 꽃으로 감상하는 부분으로 잎이 변형된 것임)이 아름답고, 관상기간이 길다."
엘라티올 베고니아,http://www.nongsaro.go.kr/cms_contents/301/18598_MF_ATTACH_01_TMB.jpg,풀모양,보통 (약간 잘 견딤),경험자,토양 표면이 말랐을때 충분히 관수함,토양 표면이 말랐을때 충분히 관수함,토양 표면이 말랐을때 충분히 관수함,토양 표면이 말랐을때 충분히 관수함,21~25℃,"높은 광도(1,500~10,000 Lux)",40 ~ 70%,"봄,여름,가을","베고니아는 예로부터 관엽식물로 사랑받으며 애용하여 왔다. 베고니아는 많은 개량품종이 있으며 해충은 거의 생기지 않지만, 너무 습기가 많거나 공기 순환이 안되면 곰팡이가 낄 수 있으니 주의가 필요하다. 물을 줄 때는 분토에만 주고 되도록이면 잎이나 꽃에 물이 닿지 않도록 해야 합니다. "
여우꼬리풀,http://www.nongsaro.go.kr/cms_contents/301/18595_MF_ATTACH_01_TMB.jpg,관목형,필요함,경험자,화분 흙 대부분 말랐을때 충분히 관수함,토양 표면이 말랐을때 충분히 관수함,토양 표면이 말랐을때 충분히 관수함,화분 흙 대부분 말랐을때 충분히 관수함,21~25℃,"높은 광도(1,500~10,000 Lux)",40 ~ 70%,"봄,여름",여우꼬리풀은 모양이 여우꼬리의 모양과 흡사해서 붉은 여우 꼬리풀이라고 불린다. 물줄 때에는 꽃에 물이 닿지 않도록 주의하는 것이 좋다.
엽란,http://www.nongsaro.go.kr/cms_contents/301/18591_MF_ATTACH_01_TMB.jpg,풀모양,낮음 (잘 견딤),초보자,토양 표면이 말랐을때 충분히 관수함,토양 표면이 말랐을때 충분히 관수함,토양 표면이 말랐을때 충분히 관수함,화분 흙 대부분 말랐을때 충분히 관수함,16~20℃,"낮은 광도(300~800 Lux),중간 광도(800~1,500 Lux),높은 광도(1,500~10,000 Lux)",40 ~ 70%,,봄과 가을에는 아침에 한번만 듬뿍 준다. 겨울에는 2-3일에 한번 정도 주도록 한다. 지하경을 분주해서 번식시킨다. 잎이 1-4매정도 달려있고 뿌리가 충분히 달려있는 근경은 아주 빨리 활착한다
옥살리스(사랑초),http://www.nongsaro.go.kr/cms_contents/301/19474_MF_ATTACH_01_TMB.jpg,풀모양,보통 (약간 잘 견딤),경험자,토양 표면이 말랐을때 충분히 관수함,토양 표면이 말랐을때 충분히 관수함,토양 표면이 말랐을때 충분히 관수함,화분 흙 대부분 말랐을때 충분히 관수함,16~20℃,"중간 광도(800~1,500 Lux),높은 광도(1,500~10,000 Lux)",40 ~ 70%,"봄,여름",관상용으로 재배하는 옥살리스는 잎겨드랑이에서 나온 꽃자루에 1~4개의 아름다운 꽃을 피운다. 흐린 날과 밤에 꽃과 잎이 오그라들고 햇T에 민감하게 반응하기 때문에 볕이 잘 드는 곳에 심어야한다. 
온시디움,http://www.nongsaro.go.kr/cms_contents/301/18589_MF_ATTACH_01_TMB.jpg,"풀모양,다육형",필요함,경험자,화분 흙 대부분 말랐을때 충분히 관수함,토양 표면이 말랐을때 충분히 관수함,화분 흙 대부분 말랐을때 충분히 관수함,화분 흙 대부분 말랐을때 충분히 관수함,21~25℃,"중간 광도(800~1,500 Lux),높은 광도(1,500~10,000 Lux)",40 ~ 70%,"봄,여름","온시디움은 많은 종류가 있으나 보통 재배되고 있는 것은 작은 노란색 꽃이 피는 스파켈라튬, 플렉수오숨 등이 있다. 꽃은 빛깔이 다채롭게 피고, 분갈이는 꽃이 진 다음 새싹이 나올 때가 가장 좋다. "
왜란,http://www.nongsaro.go.kr/cms_contents/301/18588_MF_ATTACH_01_TMB.jpg,풀모양,낮음 (잘 견딤),초보자,토양 표면이 말랐을때 충분히 관수함,토양 표면이 말랐을때 충분히 관수함,토양 표면이 말랐을때 충분히 관수함,화분 흙 대부분 말랐을때 충분히 관수함,10~15℃,"중간 광도(800~1,500 Lux),높은 광도(1,500~10,000 Lux)",40 ~ 70%,,"상록 다년생의 백합과 식물로 화분에 심어 감상하거나 화단 정원, 그늘의 지피식물로 주로 사용한다. 암록색의 잎이 5~6cm 크기로 자란다."
왜성종려죽,http://www.nongsaro.go.kr/cms_contents/301/18587_MF_ATTACH_01_TMB.jpg,관목형,보통 (약간 잘 견딤),경험자,토양 표면이 말랐을때 충분히 관수함,토양 표면이 말랐을때 충분히 관수함,토양 표면이 말랐을때 충분히 관수함,화분 흙 대부분 말랐을때 충분히 관수함,16~20℃,"중간 광도(800~1,500 Lux),높은 광도(1,500~10,000 Lux)",40 ~ 70%,,왜란종려죽은 암모니아 제거능력이 탁월하기 때문에 가정이나 사무실에서 선호하는 관엽 식물이다. 꽃말은 행운으로 실내에서 키우기 매우 적합한 식물이다.
움벨라타 고무나무,http://www.nongsaro.go.kr/cms_contents/301/18585_MF_ATTACH_01_TMB.jpg,직립형,보통 (약간 잘 견딤),경험자,,,,,21~25℃,"중간 광도(800~1,500 Lux),높은 광도(1,500~10,000 Lux)",40 ~ 70%,,줄기나 잎자루를 자르면 하얀 액이 나온다. 고무나무는 가지를 잘라서 심어도 다시 뿌리를 내리고 자라는 것이 특징이다. 
은사철나무,http://www.nongsaro.go.kr/cms_contents/301/18581_MF_ATTACH_01_TMB.jpg,관목형,보통 (약간 잘 견딤),경험자,토양 표면이 말랐을때 충분히 관수함,토양 표면이 말랐을때 충분히 관수함,토양 표면이 말랐을때 충분히 관수함,토양 표면이 말랐을때 충분히 관수함,16~20℃,"중간 광도(800~1,500 Lux),높은 광도(1,500~10,000 Lux)",40 ~ 70%,,은사철은 생육이 왕성하나 무늬종은 약간 생육면에서는 원종 보다 약하다. 약 150여종이 있으며 대체의 계절의 화목류 아래 부분에 조금 곁들여서 꽂아도 좋고 은사철을 주재로 하여도 좋은 화재이다. 특히 부드러운 관엽류와 배합한 플라워 어레인지먼트에 잘 조화된다. 
익소라,http://www.nongsaro.go.kr/cms_contents/301/18578_MF_ATTACH_01_TMB.jpg,관목형,보통 (약간 잘 견딤),경험자,흙을 촉촉하게 유지함(물에 잠기지 않도록 주의),흙을 촉촉하게 유지함(물에 잠기지 않도록 주의),흙을 촉촉하게 유지함(물에 잠기지 않도록 주의),화분 흙 대부분 말랐을때 충분히 관수함,21~25℃,"중간 광도(800~1,500 Lux),높은 광도(1,500~10,000 Lux)",40 ~ 70%,"봄,여름","꽃이 피어 있는 시간이 길고 짙은 녹색의 잎이 매혹적으로 빛나서 인기 있는 상록저목이다. 

또한 꽃이 피어도 열매는 맺지 않는 것이 특징이다."
인삼벤자민,http://www.nongsaro.go.kr/cms_contents/301/17748_MF_REPR_ATTACH_01_TMB.jpg,관목형,보통 (약간 잘 견딤),경험자,토양 표면이 말랐을때 충분히 관수함,토양 표면이 말랐을때 충분히 관수함,토양 표면이 말랐을때 충분히 관수함,화분 흙 대부분 말랐을때 충분히 관수함,21~25℃,"중간 광도(800~1,500 Lux),높은 광도(1,500~10,000 Lux)",40 ~ 70%,,인삼 벤자민은 흙 위로 올라온 뿌리의 모양이 인삼을 닮아 인삼벤자민 이라고 불린다. 고무나무의 한 종류로서 고온 다습한 환경을 좋아하지만 실내에서는 약간 건조하게 키우는 것이 좋다. 
자금우,http://www.nongsaro.go.kr/cms_contents/301/17741_MF_ATTACH_01_TMB.jpg,"관목형,덩굴성",낮음 (잘 견딤),초보자,토양 표면이 말랐을때 충분히 관수함,토양 표면이 말랐을때 충분히 관수함,토양 표면이 말랐을때 충분히 관수함,화분 흙 대부분 말랐을때 충분히 관수함,16~20℃,"낮은 광도(300~800 Lux),중간 광도(800~1,500 Lux),높은 광도(1,500~10,000 Lux)",40 ~ 70%,봄,자금우는 인테리어 식물로 많이 사용되는 식물로서 화사한 분위기를 연출한다. 붉은 색 구슬 같은 열매가 오랫동안 달려있으며 관리가 쉽고 건조에도 갈라지지 않는다. 
자란,http://www.nongsaro.go.kr/cms_contents/301/17393_MF_REPR_ATTACH_01_TMB.jpg,풀모양,낮음 (잘 견딤),초보자,화분 흙 대부분 말랐을때 충분히 관수함,토양 표면이 말랐을때 충분히 관수함,토양 표면이 말랐을때 충분히 관수함,화분 흙 대부분 말랐을때 충분히 관수함,16~20℃,"중간 광도(800~1,500 Lux)",40 ~ 70%,봄,자란은 대표적 관상용 식물로서 배수와 통기가 잘 되는 토양에서 잘 자란다. 화분에 심을 때는 굵은 마사토를 바닥에 깔고 그 위에 마사토와 시판 배양토 또는 마사토와 바크를 섞거나 동양란을 심는 흑에 난을 심는 방법으로 심는다.
자주색만년초,http://www.nongsaro.go.kr/cms_contents/301/16450_MF_ATTACH_01_TMB.jpg,풀모양,보통 (약간 잘 견딤),경험자,토양 표면이 말랐을때 충분히 관수함,토양 표면이 말랐을때 충분히 관수함,토양 표면이 말랐을때 충분히 관수함,화분 흙 대부분 말랐을때 충분히 관수함,21~25℃,"중간 광도(800~1,500 Lux),높은 광도(1,500~10,000 Lux)",40 ~ 70%,,자주빛을 띠는 닭의장풀과 식물로 단독화분에 심어도 아름답다.
접란,http://www.nongsaro.go.kr/cms_contents/301/16447_MF_ATTACH_01_TMB.jpg,"풀모양,로제트형",낮음 (잘 견딤),초보자,토양 표면이 말랐을때 충분히 관수함,토양 표면이 말랐을때 충분히 관수함,토양 표면이 말랐을때 충분히 관수함,화분 흙 대부분 말랐을때 충분히 관수함,16~20℃,"중간 광도(800~1,500 Lux),높은 광도(1,500~10,000 Lux)",40 ~ 70%,,"접란은 덤불난초, 줄모초, 거미죽란이라고도 한다.  공기정화효과도 있어 거실이나 주방 등의 생활공간에 배치를 추천한다. "
제라니움,http://www.nongsaro.go.kr/cms_contents/301/16248_MF_ATTACH_01_TMB.jpg,"관목형,풀모양",낮음 (잘 견딤),초보자,토양 표면이 말랐을때 충분히 관수함,토양 표면이 말랐을때 충분히 관수함,토양 표면이 말랐을때 충분히 관수함,화분 흙 대부분 말랐을때 충분히 관수함,21~25℃,"중간 광도(800~1,500 Lux),높은 광도(1,500~10,000 Lux)",40 ~ 70%,"봄,여름,가을",제라니움은 색상과 모양이 다양하며 화려한 꽃이 피어 인기가 많은 식물이다. 햇빛과 통풍이 잘 될 수록 꽃이 잘 피기 때문에 실내보다는 베란다에 배치하는 것을 추천한다. 
좀마삭줄,http://www.nongsaro.go.kr/cms_contents/301/16242_MF_ATTACH_01_TMB.jpg,덩굴성,낮음 (잘 견딤),경험자,흙을 촉촉하게 유지함(물에 잠기지 않도록 주의),흙을 촉촉하게 유지함(물에 잠기지 않도록 주의),흙을 촉촉하게 유지함(물에 잠기지 않도록 주의),토양 표면이 말랐을때 충분히 관수함,16~20℃,"중간 광도(800~1,500 Lux),높은 광도(1,500~10,000 Lux)",40 ~ 70%,,좀마삭줄이 물이 부족해 말랐다면 손상이 심한 줄기는 최대한 잘라내고 물을 흠뻑 준다. 전체적으로 손상된 게 아니면 살아있는 뿌리와 다른 줄기 옆에서 새 잎이 올라온다. 
종려죽,http://www.nongsaro.go.kr/cms_contents/301/16035_MF_ATTACH_01_TMB.jpg,관목형,보통 (약간 잘 견딤),경험자,토양 표면이 말랐을때 충분히 관수함,토양 표면이 말랐을때 충분히 관수함,토양 표면이 말랐을때 충분히 관수함,화분 흙 대부분 말랐을때 충분히 관수함,16~20℃,"중간 광도(800~1,500 Lux),높은 광도(1,500~10,000 Lux)",40 ~ 70%,,종려죽은 공기 정화능력 및 암모니아 제거 능력이 좋아 집이나 사무실에서 선호하는 식물이다. 햇빛에 직사광선을 맞으면 잎 끝이 잘 타버리기 때문에 반음지에 두는 것을 추천한다. 
죽백나무,http://www.nongsaro.go.kr/cms_contents/301/16033_MF_REPR_ATTACH_01_TMB.jpg,직립형,낮음 (잘 견딤),초보자,토양 표면이 말랐을때 충분히 관수함,토양 표면이 말랐을때 충분히 관수함,토양 표면이 말랐을때 충분히 관수함,토양 표면이 말랐을때 충분히 관수함,16~20℃,"중간 광도(800~1,500 Lux),높은 광도(1,500~10,000 Lux)",40 ~ 70%,,죽백나무는 잎의 생김새가 대나무 잎과 닮았다고 해서 죽백나무라고 불린다. 일년 내내 푸르른 잎을 가지며 잎은 특유의 광택과 단정함을 보인다. 성장이 더디기 때문에 자주 분갈이가 필요 없고 공간을 크게 차지하지 않아 책상 위에 배치하기에도 적합하다. 
줄리아 페페로미아,http://www.nongsaro.go.kr/cms_contents/301/15834_MF_ATTACH_01_TMB.jpg,풀모양,필요함,경험자,토양 표면이 말랐을때 충분히 관수함,토양 표면이 말랐을때 충분히 관수함,토양 표면이 말랐을때 충분히 관수함,화분 흙 대부분 말랐을때 충분히 관수함,21~25℃,"중간 광도(800~1,500 Lux),높은 광도(1,500~10,000 Lux)",40 ~ 70%,,줄리아 페페로미아는 빨간색 줄기에 초록 줄무늬의 잎을 가진 식물로 여름과 어울리는 식물 중 하나이다. 잎들이 덩쿨성으로 늘어지게 자라기 때문에 선반이나 높은 곳에 놓으면 색다른 분위기를 연출한다. 
참쇠고비(섬쇠고비),http://www.nongsaro.go.kr/cms_contents/301/12991_MF_REPR_ATTACH_01_TMB.jpg,풀모양,낮음 (잘 견딤),초보자,흙을 촉촉하게 유지함(물에 잠기지 않도록 주의),흙을 촉촉하게 유지함(물에 잠기지 않도록 주의),흙을 촉촉하게 유지함(물에 잠기지 않도록 주의),토양 표면이 말랐을때 충분히 관수함,16~20℃,"낮은 광도(300~800 Lux),중간 광도(800~1,500 Lux),높은 광도(1,500~10,000 Lux)",70% 이상,,"참쇠고비는 주로 남부지방의낮은 산에 자라는 여러해 살이식물이다. 요즘에는 쇠고비를 이용해 실내 화단을 꾸미거나 정원용, 조경용으로 활용 빈도가 높아지고 있는 추세이다. "
치자나무,http://www.nongsaro.go.kr/cms_contents/301/12989_MF_ATTACH_01_TMB.jpg,관목형,낮음 (잘 견딤),초보자,화분 흙 대부분 말랐을때 충분히 관수함,토양 표면이 말랐을때 충분히 관수함,토양 표면이 말랐을때 충분히 관수함,화분 흙 대부분 말랐을때 충분히 관수함,21~25℃,"중간 광도(800~1,500 Lux),높은 광도(1,500~10,000 Lux)",40 ~ 70%,"봄,여름",치자나무는 순백의 우아한 느낌을 주는 식물이다. 한없는 즐거움과 행복이라는 꽃말을 가진 치자는 새로운 출발을 앞둔 소중한 사람에게 선물하기 좋은 식물이다. 
칼라데아 마코야나,http://www.nongsaro.go.kr/cms_contents/301/15829_MF_ATTACH_01_TMB.jpg,풀모양,필요함,경험자,토양 표면이 말랐을때 충분히 관수함,토양 표면이 말랐을때 충분히 관수함,토양 표면이 말랐을때 충분히 관수함,화분 흙 대부분 말랐을때 충분히 관수함,21~25℃,"중간 광도(800~1,500 Lux),높은 광도(1,500~10,000 Lux)",40 ~ 70%,,칼라데아 마코나야는 반 그늘을 좋아하는 식물이며 낮에는 잎을 활짝 폈다가 밤에는 잎이 오므러 드는 습성이 있어 사랑초 또는 부부초로도 불려지고 있다. 
칼라데아 인시그니스,http://www.nongsaro.go.kr/cms_contents/301/14918_MF_ATTACH_01_TMB.jpg,풀모양,필요함,경험자,토양 표면이 말랐을때 충분히 관수함,토양 표면이 말랐을때 충분히 관수함,토양 표면이 말랐을때 충분히 관수함,화분 흙 대부분 말랐을때 충분히 관수함,21~25℃,"중간 광도(800~1,500 Lux),높은 광도(1,500~10,000 Lux)",40 ~ 70%,,"잎의 무늬가 선명하여 포인트로 적당하다.
덩이줄기에서 올라온 달걀모양 잎의 앞면에 주맥을 축으로 짙은 녹색 또는 암갈색의 반점이 있다."
칼라데아 크로카타,http://www.nongsaro.go.kr/cms_contents/301/14917_MF_REPR_ATTACH_01_TMB.jpg,풀모양,필요함,경험자,토양 표면이 말랐을때 충분히 관수함,토양 표면이 말랐을때 충분히 관수함,토양 표면이 말랐을때 충분히 관수함,화분 흙 대부분 말랐을때 충분히 관수함,21~25℃,"중간 광도(800~1,500 Lux),높은 광도(1,500~10,000 Lux)",40 ~ 70%,"봄,여름",칼라데아 크로카타는 공기정화능력이 좋은 식물이다. 당신과 함께 하겠습니다 라는 꽃말을 지녔으며 온도와 습도가 높은 곳에서 잘 자란다. 
칼라디움,http://www.nongsaro.go.kr/cms_contents/301/14914_MF_ATTACH_01_TMB.jpg,풀모양,특별 관리 요구,전문가,토양 표면이 말랐을때 충분히 관수함,토양 표면이 말랐을때 충분히 관수함,토양 표면이 말랐을때 충분히 관수함,화분 흙 대부분 말랐을때 충분히 관수함,21~25℃,"중간 광도(800~1,500 Lux),높은 광도(1,500~10,000 Lux)",40 ~ 70%,,"칼라디움은 전 세계 2000 종 이상, 다양한 색과 무늬를 가진 식물이다. 잎이 크고 화려한 무늬를 가졌다. 다른 식물들과는 다르게 월동을 하기 위해서는 잎이 시들기 시작하는 가을철에 줄기와 잎을 모두 잘라주어야한다. "
칼랑코에,http://www.nongsaro.go.kr/cms_contents/301/13319_MF_ATTACH_01_TMB.jpg,"풀모양,다육형",필요함,초보자,토양 표면이 말랐을때 충분히 관수함,토양 표면이 말랐을때 충분히 관수함,토양 표면이 말랐을때 충분히 관수함,화분 흙 대부분 말랐을때 충분히 관수함,16~20℃,"중간 광도(800~1,500 Lux),높은 광도(1,500~10,000 Lux)",40 ~ 70%,"봄,겨울",칼랑코에는 돌나물과에 속하는 열대의 다육질의 꽃 식물로서 야생에서도 잘 자란다. 
커피나무,http://www.nongsaro.go.kr/cms_contents/301/13317_MF_ATTACH_01_TMB.jpg,직립형,필요함,경험자,토양 표면이 말랐을때 충분히 관수함,토양 표면이 말랐을때 충분히 관수함,토양 표면이 말랐을때 충분히 관수함,화분 흙 대부분 말랐을때 충분히 관수함,21~25℃,"높은 광도(1,500~10,000 Lux)",40 ~ 70%,봄,"커피나무는 하루에 두세시간씩은 햇볕을 보게 해주는 것이 좋고 간접광이 잘 드는 창가나 베란다, 발코니에 두는 것을 추천한다."
켄챠야자,http://www.nongsaro.go.kr/cms_contents/301/13318_MF_ATTACH_01_TMB.jpg,직립형,필요함,경험자,토양 표면이 말랐을때 충분히 관수함,토양 표면이 말랐을때 충분히 관수함,토양 표면이 말랐을때 충분히 관수함,토양 표면이 말랐을때 충분히 관수함,21~25℃,"중간 광도(800~1,500 Lux),높은 광도(1,500~10,000 Lux)",40 ~ 70%,,"켄챠야자는 굵고 튼튼한 하나의 가지에서 잎이 나온다. 2년에 한번씩 화분갈이를 해주는 것이 좋으며 공기 중 페인트, 신나 등 독성 성분 제거 효과가 탁월하다. "
크로톤,http://www.nongsaro.go.kr/cms_contents/301/13260_MF_ATTACH_01_TMB.jpg,관목형,필요함,경험자,토양 표면이 말랐을때 충분히 관수함,토양 표면이 말랐을때 충분히 관수함,토양 표면이 말랐을때 충분히 관수함,화분 흙 대부분 말랐을때 충분히 관수함,21~25℃,"중간 광도(800~1,500 Lux),높은 광도(1,500~10,000 Lux)",40 ~ 70%,,열대성 상록 관목으로 다양한 잎 모양과 잎색에 따른 품종이 많고 빛에 대한 적응성이 강하여 어두운 곳에서도 오래 견딘다.
크립탄서스,http://www.nongsaro.go.kr/cms_contents/301/13257_MF_ATTACH_01_TMB.jpg,로제트형,필요함,경험자,토양 표면이 말랐을때 충분히 관수함,토양 표면이 말랐을때 충분히 관수함,토양 표면이 말랐을때 충분히 관수함,토양 표면이 말랐을때 충분히 관수함,21~25℃,"중간 광도(800~1,500 Lux),높은 광도(1,500~10,000 Lux)",40 ~ 70%,,파인애플과 식물중 지피식물로 건조에 강하여 기르기 쉬운 식물이다.
클레마티스,http://www.nongsaro.go.kr/cms_contents/301/13255_MF_ATTACH_01_TMB.jpg,덩굴성,낮음 (잘 견딤),경험자,흙을 촉촉하게 유지함(물에 잠기지 않도록 주의),흙을 촉촉하게 유지함(물에 잠기지 않도록 주의),흙을 촉촉하게 유지함(물에 잠기지 않도록 주의),토양 표면이 말랐을때 충분히 관수함,21~25℃,"높은 광도(1,500~10,000 Lux)",,"봄,여름","꽃피는 시기에는 물이 마르면 안되고 올라갈 지지대가 필요하다.
물과 양분을 충분히 준다.
"
털달개비,http://www.nongsaro.go.kr/cms_contents/301/12996_MF_ATTACH_01_TMB.jpg,다육형,보통 (약간 잘 견딤),경험자,화분 흙 대부분 말랐을때 충분히 관수함,토양 표면이 말랐을때 충분히 관수함,토양 표면이 말랐을때 충분히 관수함,화분 흙 대부분 말랐을때 충분히 관수함,21~25℃,"높은 광도(1,500~10,000 Lux)",40 ~ 70%,봄,털달개비는 실막으로 둘러 싸여 있으며 3~4월에 개화한다. 창가나 베란다에서 잘 자라며 겨울철 월동만 주의하면 꽃도 잘 피우고 잘 자란다. 
털머위,http://www.nongsaro.go.kr/cms_contents/301/13001_MF_ATTACH_01_TMB.jpg,풀모양,보통 (약간 잘 견딤),경험자,토양 표면이 말랐을때 충분히 관수함,토양 표면이 말랐을때 충분히 관수함,토양 표면이 말랐을때 충분히 관수함,토양 표면이 말랐을때 충분히 관수함,16~20℃,"낮은 광도(300~800 Lux),중간 광도(800~1,500 Lux),높은 광도(1,500~10,000 Lux)",40 ~ 70%,"봄,여름",털머위는 화분이나 화단에 심는 것을 추천하며 일반 머위와 달리 독이 있어 조심해야 한다. 
테이블야자,http://www.nongsaro.go.kr/cms_contents/301/13002_MF_ATTACH_01_TMB.jpg,직립형,보통 (약간 잘 견딤),초보자,흙을 촉촉하게 유지함(물에 잠기지 않도록 주의),흙을 촉촉하게 유지함(물에 잠기지 않도록 주의),흙을 촉촉하게 유지함(물에 잠기지 않도록 주의),화분 흙 대부분 말랐을때 충분히 관수함,21~25℃,"중간 광도(800~1,500 Lux),높은 광도(1,500~10,000 Lux)",40 ~ 70%,,"공기중에 수분을 방출하는 능력이 뛰어나고 벤젠, 포름알데히드등의 화학물질을 제거하는데 좋아 공기정화식물로도 적절하다."
톨미아,http://www.nongsaro.go.kr/cms_contents/301/13003_MF_REPR_ATTACH_01_TMB.jpg,풀모양,필요함,경험자,,,,,21~25℃,"중간 광도(800~1,500 Lux),높은 광도(1,500~10,000 Lux)",40 ~ 70%,,톨미아는 잎 가운데서 모종이 자라나는 독특한 특성을 지녔다. 음지에서는 성장이 빠르며 풍성하게 자란다. 
틸란드시아,http://www.nongsaro.go.kr/cms_contents/301/13004_MF_ATTACH_01_TMB.jpg,로제트형,필요함,경험자,토양 표면이 말랐을때 충분히 관수함,토양 표면이 말랐을때 충분히 관수함,토양 표면이 말랐을때 충분히 관수함,화분 흙 대부분 말랐을때 충분히 관수함,21~25℃,"중간 광도(800~1,500 Lux),높은 광도(1,500~10,000 Lux)",40 ~ 70%,"봄,겨울",화포z 분홍색으로 각각의 포에서 남보라색 꽃이 차례로 피는데 같은 포에서 3~4장의 꽃잎을 올림
파키라,http://www.nongsaro.go.kr/cms_contents/301/13248_MF_ATTACH_01_TMB.jpg,직립형,필요함,경험자,토양 표면이 말랐을때 충분히 관수함,토양 표면이 말랐을때 충분히 관수함,토양 표면이 말랐을때 충분히 관수함,화분 흙 대부분 말랐을때 충분히 관수함,21~25℃,"중간 광도(800~1,500 Lux),높은 광도(1,500~10,000 Lux)",40 ~ 70%,,"외국에서는 Money tree라고 불리우고, 잎과 꽃은 채소처럼 식용하고, 열매는 땅콩맛이 난다."
파피오페딜럼,http://www.nongsaro.go.kr/cms_contents/301/13247_MF_ATTACH_01_TMB.jpg,풀모양,필요함,전문가,화분 흙 대부분 말랐을때 충분히 관수함,토양 표면이 말랐을때 충분히 관수함,토양 표면이 말랐을때 충분히 관수함,화분 흙 대부분 말랐을때 충분히 관수함,21~25℃,"중간 광도(800~1,500 Lux)",70% 이상,"봄,여름",파파오페딜럼은 주머니 모양이 있는 특이하고 화려한 꽃으로 유명하다. 성장이 느린 편이고 자주 꽃이 피진 않지만 한 번 피면 오래 지속된다. 
팔레놉시스(호접란),http://www.nongsaro.go.kr/cms_contents/301/13245_MF_ATTACH_01_TMB.jpg,"로제트형,다육형",특별 관리 요구,전문가,토양 표면이 말랐을때 충분히 관수함,토양 표면이 말랐을때 충분히 관수함,토양 표면이 말랐을때 충분히 관수함,화분 흙 대부분 말랐을때 충분히 관수함,21~25℃,"중간 광도(800~1,500 Lux),높은 광도(1,500~10,000 Lux)",40 ~ 70%,"봄,여름,겨울",팔레놉시스는 여러마리의 나비가 나는 듯한 꽃이 오래 지속된다. 오래도록 꽃을 보는 것에 비하면 가격도 저렴한 편이며 인기가 많은 식물이다. 
팔손이나무,http://www.nongsaro.go.kr/cms_contents/301/13244_MF_ATTACH_01_TMB.jpg,관목형,낮음 (잘 견딤),초보자,토양 표면이 말랐을때 충분히 관수함,토양 표면이 말랐을때 충분히 관수함,토양 표면이 말랐을때 충분히 관수함,화분 흙 대부분 말랐을때 충분히 관수함,16~20℃,"중간 광도(800~1,500 Lux),높은 광도(1,500~10,000 Lux)",40 ~ 70%,,"마치 손가락처럼 7~11열로 깊게 갈라진 큰 잎이 호생하며, 잎 양면에 털이 없고 짙은 녹색으로 광택이 있고 뒷면은 황록색이다."
팬더 고무나무,http://www.nongsaro.go.kr/cms_contents/301/13242_MF_ATTACH_01_TMB.jpg,관목형,보통 (약간 잘 견딤),경험자,토양 표면이 말랐을때 충분히 관수함,토양 표면이 말랐을때 충분히 관수함,토양 표면이 말랐을때 충분히 관수함,화분 흙 대부분 말랐을때 충분히 관수함,21~25℃,"중간 광도(800~1,500 Lux),높은 광도(1,500~10,000 Lux)",40 ~ 70%,,판다고무나무는 말레이시아로부터 보르네오에 이르기까지 동남아시아지역 아열대기후에서 자라는 키큰 나무이다. 이 나무는 벤자민 나무의 일종으로서 자생지에서 거대한 원기둥 줄기와 나뭇가지들로부터 무수한 공기뿌리들을 내리 뻗으면서 자란다. 잎새는 일반 벤자민보다 광택이 많이 나며 두텁고 둥근 형태를 띠고 있다. 모든 벤자민 종류의 나무들 중에서도 실내의 빛이 부족한 환경에 적응하는 힘이 강하며 잎이 덜 떨어지는 편으로 기르기가 상대적으로 쉬운 나무이다. 통풍이 잘 되는 고온 다습한 장마철과 같은 환경조건에서는 무수한 공기뿌리들이 자라나오는 것을 볼 수 있다. 전지를 하고나서 맹아력이 강하므로 원하는 형태의 수형(토피아리)을 만들어 나갈 수 있는 것이 큰 특징이다. 잎이 크고 넓은 나무들 중에서 토피아리형태로도 즐길 수 있는 몇 안되는 나무중 하나라 할 수 있다
팻츠헤데라,http://www.nongsaro.go.kr/cms_contents/301/13253_MF_ATTACH_01_TMB.jpg,직립형,보통 (약간 잘 견딤),초보자,토양 표면이 말랐을때 충분히 관수함,토양 표면이 말랐을때 충분히 관수함,토양 표면이 말랐을때 충분히 관수함,토양 표면이 말랐을때 충분히 관수함,16~20℃,"중간 광도(800~1,500 Lux),높은 광도(1,500~10,000 Lux)",40 ~ 70%,,펫츠 헤데라는 광택이 있는 단풍잎 모양을 가진 덩굴 식물로 아이비라고 불리기도 한다. 짙은 초록색 잎부터 흰색과 노란색 무늬의 잎까지 다양한 종류가 있다. 
페페로미아 오브투시폴리아,http://www.nongsaro.go.kr/cms_contents/301/13240_MF_ATTACH_01_TMB.jpg,"풀모양,다육형",보통 (약간 잘 견딤),경험자,토양 표면이 말랐을때 충분히 관수함,토양 표면이 말랐을때 충분히 관수함,토양 표면이 말랐을때 충분히 관수함,화분 흙 대부분 말랐을때 충분히 관수함,21~25℃,"중간 광도(800~1,500 Lux),높은 광도(1,500~10,000 Lux)",40 ~ 70%,,페페로미아 오브투시폴리아는 줄기가 덩굴처럼 땅으로 뻗거나 나무를 기어오르며 가지를 낸다. 시중에서는 청페페로 유통된다. 
페페로미아 클루시폴리아,http://www.nongsaro.go.kr/cms_contents/301/13216_MF_REPR_ATTACH_01_TMB.jpg,"풀모양,다육형",보통 (약간 잘 견딤),경험자,토양 표면이 말랐을때 충분히 관수함,토양 표면이 말랐을때 충분히 관수함,토양 표면이 말랐을때 충분히 관수함,화분 흙 대부분 말랐을때 충분히 관수함,21~25℃,"중간 광도(800~1,500 Lux),높은 광도(1,500~10,000 Lux)",40 ~ 70%,,페페로미아 클루시폴리아는 시중에서는 홍페페로 유통되며 원산지는 열대 남아메리카이다. 통풍이 좋은 밝은 그늘에서 관리하는 것을 추천한다.
페페로미아 푸테올라타,http://www.nongsaro.go.kr/cms_contents/301/13215_MF_REPR_ATTACH_01_TMB.jpg,"풀모양,다육형",필요함,경험자,토양 표면이 말랐을때 충분히 관수함,토양 표면이 말랐을때 충분히 관수함,토양 표면이 말랐을때 충분히 관수함,화분 흙 대부분 말랐을때 충분히 관수함,21~25℃,"중간 광도(800~1,500 Lux),높은 광도(1,500~10,000 Lux)",40 ~ 70%,,"관엽식물 가운데서는 실내식물로서 다루어지는 것이 많고, 소분식의 수요가 많아지고 있다. 그 가운데서 페페로미아는 대표적인 종류이기도 하다. 페페로미아는 세계의 열대, 아열대 각지에 약 500종 이상이 자생되는 1년초 또는 다년초로 추위에 좀 약한 편이나, 작은 분식물로는 변화가 많고 연중 출하할 수 있다는 특색이 있으며 번식도 용이하다. 이 식물은 소형 다즙(多汁)질의 초본으로 잎은 호생 또는 대생되고, 윤생되기도 한다. 잎은 일반적으로 전록(全綠) 다육질로 무늬나 반점이 있다."
포인세티아,http://www.nongsaro.go.kr/cms_contents/301/13214_MF_ATTACH_01_TMB.jpg,관목형,필요함,경험자,흙을 촉촉하게 유지함(물에 잠기지 않도록 주의),흙을 촉촉하게 유지함(물에 잠기지 않도록 주의),흙을 촉촉하게 유지함(물에 잠기지 않도록 주의),토양 표면이 말랐을때 충분히 관수함,21~25℃,"높은 광도(1,500~10,000 Lux)",40 ~ 70%,"봄,겨울",추위에 약한 식물로 온도가 낮으면 잎이 덜어진다. 잎에서 나오는 흰색 즙액은 피부나 눈에 염증을 일으킬 수 있으므로 조심한다.
폴리시아스,http://www.nongsaro.go.kr/cms_contents/301/13213_MF_ATTACH_01_TMB.jpg,관목형,필요함,경험자,토양 표면이 말랐을때 충분히 관수함,토양 표면이 말랐을때 충분히 관수함,토양 표면이 말랐을때 충분히 관수함,화분 흙 대부분 말랐을때 충분히 관수함,21~25℃,"중간 광도(800~1,500 Lux),높은 광도(1,500~10,000 Lux)",40 ~ 70%,,풍성하고 섬세한 잎과 부드럽게 늘어뜨려진 가지에 매력이 있어 인기가 있음
푸밀라고무나무,http://www.nongsaro.go.kr/cms_contents/301/13212_MF_ATTACH_01_TMB.jpg,덩굴성,필요함,경험자,흙을 촉촉하게 유지함(물에 잠기지 않도록 주의),흙을 촉촉하게 유지함(물에 잠기지 않도록 주의),흙을 촉촉하게 유지함(물에 잠기지 않도록 주의),토양 표면이 말랐을때 충분히 관수함,21~25℃,"중간 광도(800~1,500 Lux),높은 광도(1,500~10,000 Lux)",40 ~ 70%,,"가는 줄기가 덩굴모양으로 뻗어 나가지만 고무나무류이다. 헤고를 써서 재배하거나 덩굴 만들기를 즐길 수 있다.
2cm 가량의 작은 잎이지만 고무나무와 마찬가지로 햇빛을 좋아하므로 베란다 등의 관상으로 이용하면 좋다."
프테리스,http://www.nongsaro.go.kr/cms_contents/301/13211_MF_REPR_ATTACH_01_TMB.jpg,풀모양,보통 (약간 잘 견딤),초보자,흙을 촉촉하게 유지함(물에 잠기지 않도록 주의),흙을 촉촉하게 유지함(물에 잠기지 않도록 주의),흙을 촉촉하게 유지함(물에 잠기지 않도록 주의),토양 표면이 말랐을때 충분히 관수함,21~25℃,"낮은 광도(300~800 Lux),중간 광도(800~1,500 Lux),높은 광도(1,500~10,000 Lux)",70% 이상,,긴 잎의 중앙에 흰 무늬가 있는 관엽식물이고 잎은 우상복엽으로 1-3쌍이고 길이는 비교적 짧으며 모양과 색깔 무늬가 다양하고 아름답다
피라칸사스,http://www.nongsaro.go.kr/cms_contents/301/13209_MF_ATTACH_01_TMB.jpg,관목형,낮음 (잘 견딤),경험자,흙을 촉촉하게 유지함(물에 잠기지 않도록 주의),흙을 촉촉하게 유지함(물에 잠기지 않도록 주의),토양 표면이 말랐을때 충분히 관수함,화분 흙 대부분 말랐을때 충분히 관수함,16~20℃,"높은 광도(1,500~10,000 Lux)",40 ~ 70%,봄,"피라칸사스는 200cm 까지 자라는 상록활엽관목으로 맹아력이 강하고 잎이 조밀하다. 꽃과 열매가 겨울, 봄 내내 달려있어 관상가치가 높다. "
피토니아 핑크스타,http://www.nongsaro.go.kr/cms_contents/301/13251_MF_ATTACH_01_TMB.jpg,풀모양,특별 관리 요구,경험자,토양 표면이 말랐을때 충분히 관수함,토양 표면이 말랐을때 충분히 관수함,토양 표면이 말랐을때 충분히 관수함,화분 흙 대부분 말랐을때 충분히 관수함,21~25℃,"중간 광도(800~1,500 Lux),높은 광도(1,500~10,000 Lux)",40 ~ 70%,,"고온다습하고 통풍이 원활한 밝은 그늘이나 반그늘에서 잘 자란다. 
생장이 느리고 잎 주변에 지속적인 수분과 따뜻함을 요구하고 공중습도 유지가 제일 중요하다."
피토니아 화이트스타,http://www.nongsaro.go.kr/cms_contents/301/13197_MF_ATTACH_01_TMB.jpg,풀모양,필요함,경험자,토양 표면이 말랐을때 충분히 관수함,토양 표면이 말랐을때 충분히 관수함,토양 표면이 말랐을때 충분히 관수함,화분 흙 대부분 말랐을때 충분히 관수함,21~25℃,"중간 광도(800~1,500 Lux),높은 광도(1,500~10,000 Lux)",40 ~ 70%,,"고온다습하고 통풍이 원활한 밝은 그늘이나 반그늘에서 잘 자란다. 

갑자기 강한 햇빛에 노출되면 잎이 타기 쉽다."
픽투라툼 접란,http://www.nongsaro.go.kr/cms_contents/301/13194_MF_REPR_ATTACH_01_TMB.jpg,풀모양,보통 (약간 잘 견딤),초보자,토양 표면이 말랐을때 충분히 관수함,토양 표면이 말랐을때 충분히 관수함,토양 표면이 말랐을때 충분히 관수함,화분 흙 대부분 말랐을때 충분히 관수함,21~25℃,"중간 광도(800~1,500 Lux),높은 광도(1,500~10,000 Lux)",40 ~ 70%,,픽투라툼 접란 뿌리에는 흰색 덩이뿌리가 많다. 잎은 좋고 중앙에 유백색 세로줄 무늬가 있는 것이 특징이다. 
"필레아 글라우카(타라, 블루체인)",http://www.nongsaro.go.kr/cms_contents/301/13193_MF_REPR_ATTACH_01_TMB.jpg,"풀모양,다육형",보통 (약간 잘 견딤),초보자,토양 표면이 말랐을때 충분히 관수함,토양 표면이 말랐을때 충분히 관수함,토양 표면이 말랐을때 충분히 관수함,화분 흙 대부분 말랐을때 충분히 관수함,21~25℃,"중간 광도(800~1,500 Lux),높은 광도(1,500~10,000 Lux)",40 ~ 70%,,필레아 글루아카는 공기정화능력이 탁월하다. 쐐리풀과 식물로서 트리안과 비슷하게 생겼지만 트리안 보다 잎의 크기가 훨씬 작아 앙증맞고 귀여운 분위기를 연출한다. 
필로덴드론 '선라이트',http://www.nongsaro.go.kr/cms_contents/301/13190_MF_ATTACH_01_TMB.jpg,풀모양,필요함,경험자,토양 표면이 말랐을때 충분히 관수함,토양 표면이 말랐을때 충분히 관수함,토양 표면이 말랐을때 충분히 관수함,화분 흙 대부분 말랐을때 충분히 관수함,21~25℃,"중간 광도(800~1,500 Lux),높은 광도(1,500~10,000 Lux)",40 ~ 70%,,잎의 광택이 있고 두꺼워서 거친 느낌을 주는것처럼 환경에 적응하는 힘도 크다.
필로덴드론 '제나두',http://www.nongsaro.go.kr/cms_contents/301/13187_MF_ATTACH_01_TMB.jpg,풀모양,보통 (약간 잘 견딤),경험자,토양 표면이 말랐을때 충분히 관수함,토양 표면이 말랐을때 충분히 관수함,토양 표면이 말랐을때 충분히 관수함,화분 흙 대부분 말랐을때 충분히 관수함,21~25℃,"중간 광도(800~1,500 Lux),높은 광도(1,500~10,000 Lux)",40 ~ 70%,,줄기에서 잎이 떨어진 흔적이 신기하고 오래된 나무와 같은 모양을 한다.
필로덴드론 고엘디,http://www.nongsaro.go.kr/cms_contents/301/13192_MF_ATTACH_01_TMB.jpg,풀모양,필요함,경험자,토양 표면이 말랐을때 충분히 관수함,토양 표면이 말랐을때 충분히 관수함,토양 표면이 말랐을때 충분히 관수함,화분 흙 대부분 말랐을때 충분히 관수함,21~25℃,"중간 광도(800~1,500 Lux),높은 광도(1,500~10,000 Lux)",40 ~ 70%,,"필로덴드론 고엘디는 봄, 여름, 가을에는 토양 표면이 말랐을 때 충분히 관수하고  거실, 발코니에 배치하는 것을 추천한다."
필로덴드론 레몬라임,http://www.nongsaro.go.kr/cms_contents/301/13191_MF_ATTACH_01_TMB.jpg,덩굴성,필요함,경험자,토양 표면이 말랐을때 충분히 관수함,토양 표면이 말랐을때 충분히 관수함,토양 표면이 말랐을때 충분히 관수함,화분 흙 대부분 말랐을때 충분히 관수함,21~25℃,"중간 광도(800~1,500 Lux),높은 광도(1,500~10,000 Lux)",40 ~ 70%,,필로덴드론 레몬라임은 관엽식물들 중에서도 드물게 형광 빛이 나는 잎을 가진 식물 중 하나이다. 공중 습도가 높은 환경을 좋아한다. 
필로덴드론 셀로움,http://www.nongsaro.go.kr/cms_contents/301/13189_MF_ATTACH_01_TMB.jpg,풀모양,필요함,경험자,토양 표면이 말랐을때 충분히 관수함,토양 표면이 말랐을때 충분히 관수함,토양 표면이 말랐을때 충분히 관수함,화분 흙 대부분 말랐을때 충분히 관수함,21~25℃,"중간 광도(800~1,500 Lux),높은 광도(1,500~10,000 Lux)",40 ~ 70%,,필로덴드론 셀로움은 공기 정화 능력이 탁월한 관엽 식물이며 음이온 방출 능력도 우수하다. 
필로덴드론 옥시카르디움,http://www.nongsaro.go.kr/cms_contents/301/13188_MF_ATTACH_01_TMB.jpg,덩굴성,보통 (약간 잘 견딤),경험자,토양 표면이 말랐을때 충분히 관수함,토양 표면이 말랐을때 충분히 관수함,토양 표면이 말랐을때 충분히 관수함,화분 흙 대부분 말랐을때 충분히 관수함,21~25℃,"중간 광도(800~1,500 Lux),높은 광도(1,500~10,000 Lux)",40 ~ 70%,,필로덴드론 옥시카르디움은 덩굴성이고 하트모양 잎이 있어 아름다운 식물이지만 국내에는 비교적 잘 알려져 있지 않다. 최근에는 취급할 수 있는 곳이 늘어나고 있으며 빛이 약해도 잘 견디고 병충해에도 강하다.
필로덴드론 콩고,http://www.nongsaro.go.kr/cms_contents/301/13249_MF_ATTACH_01_TMB.jpg,풀모양,필요함,경험자,토양 표면이 말랐을때 충분히 관수함,토양 표면이 말랐을때 충분히 관수함,토양 표면이 말랐을때 충분히 관수함,화분 흙 대부분 말랐을때 충분히 관수함,21~25℃,"중간 광도(800~1,500 Lux),높은 광도(1,500~10,000 Lux)",40 ~ 70%,,필로덴드론 콩고는 광택이나고 큰 잎을 가진 천남성과 식물이다. 
해마리아,http://www.nongsaro.go.kr/cms_contents/301/12987_MF_REPR_ATTACH_01_TMB.jpg,풀모양,보통 (약간 잘 견딤),전문가,흙을 촉촉하게 유지함(물에 잠기지 않도록 주의),흙을 촉촉하게 유지함(물에 잠기지 않도록 주의),흙을 촉촉하게 유지함(물에 잠기지 않도록 주의),화분 흙 대부분 말랐을때 충분히 관수함,21~25℃,"낮은 광도(300~800 Lux),중간 광도(800~1,500 Lux),높은 광도(1,500~10,000 Lux)",40 ~ 70%,"봄,여름",해마리아는 아주 낮은 그늘에서 잘 견딘다. 벨벳 같이 보드랍고 포근한 느낌을 준다.
행운목,http://www.nongsaro.go.kr/cms_contents/301/12983_MF_ATTACH_01_TMB.jpg,직립형,낮음 (잘 견딤),초보자,흙을 촉촉하게 유지함(물에 잠기지 않도록 주의),흙을 촉촉하게 유지함(물에 잠기지 않도록 주의),흙을 촉촉하게 유지함(물에 잠기지 않도록 주의),토양 표면이 말랐을때 충분히 관수함,21~25℃,"중간 광도(800~1,500 Lux),높은 광도(1,500~10,000 Lux)",40 ~ 70%,,행운목은 몇년에 한 번 꽃을 피우며 그 꽃을 피우는 해에는 행운이 가득하다고 해서 행운목이라는 이름을 가졌다. 
헤테로파낙스 프라그란스 (해피트리),http://www.nongsaro.go.kr/cms_contents/301/12979_MF_ATTACH_01_TMB.jpg,직립형,필요함,경험자,토양 표면이 말랐을때 충분히 관수함,토양 표면이 말랐을때 충분히 관수함,토양 표면이 말랐을때 충분히 관수함,화분 흙 대부분 말랐을때 충분히 관수함,21~25℃,"중간 광도(800~1,500 Lux),높은 광도(1,500~10,000 Lux)",40 ~ 70%,,헤테로파낙스 프라그란스는 새잎이 반짝일 정도로 윤기가 있고 이름 대문에도 인기있는 실내식물이다. 
협죽도,http://www.nongsaro.go.kr/cms_contents/301/12978_MF_ATTACH_01_TMB.jpg,관목형,낮음 (잘 견딤),초보자,토양 표면이 말랐을때 충분히 관수함,흙을 촉촉하게 유지함(물에 잠기지 않도록 주의),토양 표면이 말랐을때 충분히 관수함,화분 흙 대부분 말랐을때 충분히 관수함,21~25℃,"높은 광도(1,500~10,000 Lux)",40 ~ 70%,여름,쌍떡잎식물속 용담목 협죽도과에 속하는 넓은잎 늘푸른떨기나무이다. 열대·아열대 지방에 널리 분포하는 나무로 원산지는 인도이며 한국에서는 제주도에 자생하여 꽤 흔하게 볼 수 있었지만 후술할 독성 때문에 예전만큼 자주보기 힘들다.
형광스킨답서스,http://www.nongsaro.go.kr/cms_contents/301/12976_MF_ATTACH_01_TMB.jpg,덩굴성,보통 (약간 잘 견딤),경험자,토양 표면이 말랐을때 충분히 관수함,토양 표면이 말랐을때 충분히 관수함,토양 표면이 말랐을때 충분히 관수함,화분 흙 대부분 말랐을때 충분히 관수함,21~25℃,"중간 광도(800~1,500 Lux),높은 광도(1,500~10,000 Lux)",40 ~ 70%,,형광스킨답서스는 공기정화능력이 뛰어난 식물이다.
호야,http://www.nongsaro.go.kr/cms_contents/301/12986_MF_REPR_ATTACH_01_TMB.jpg,"덩굴성,다육형",보통 (약간 잘 견딤),경험자,토양 표면이 말랐을때 충분히 관수함,토양 표면이 말랐을때 충분히 관수함,토양 표면이 말랐을때 충분히 관수함,화분 흙 대부분 말랐을때 충분히 관수함,21~25℃,"중간 광도(800~1,500 Lux),높은 광도(1,500~10,000 Lux)",40 ~ 70%,"봄,여름",호야는 행운을 부르는 꽃으로도 알려져 있으며 직사광선을 피하는 반그늘에서 잘 자란다. 
황금마삭줄,http://www.nongsaro.go.kr/cms_contents/301/12937_MF_ATTACH_03_TMB.jpg,덩굴성,보통 (약간 잘 견딤),초보자,토양 표면이 말랐을때 충분히 관수함,토양 표면이 말랐을때 충분히 관수함,토양 표면이 말랐을때 충분히 관수함,화분 흙 대부분 말랐을때 충분히 관수함,16~20℃,"중간 광도(800~1,500 Lux),높은 광도(1,500~10,000 Lux)",40 ~ 70%,,황금마삭줄은 겨울에도 싱싱한 젊음을 유지하며 불게 단풍든 잎모양이 예뻐 인기가 많다. 
후피향나무,http://www.nongsaro.go.kr/cms_contents/301/12956_MF_ATTACH_01_TMB.jpg,관목형,낮음 (잘 견딤),초보자,토양 표면이 말랐을때 충분히 관수함,토양 표면이 말랐을때 충분히 관수함,토양 표면이 말랐을때 충분히 관수함,화분 흙 대부분 말랐을때 충분히 관수함,16~20℃,"높은 광도(1,500~10,000 Lux)",40 ~ 70%,,광택이 나는 잎과 붉은 열매가 아름답다.
